<?xml version="1.0"?>
<!DOCTYPE softwarelist SYSTEM "softwarelist.dtd">

<!--

license: CC0-1.0

Unoffical software releases for the Coleco Colecovision

-->

<softwarelist name="coleco_homebrew" description="Coleco ColecoVision homebrew cartridges">

	<software name="31in1">
		<description>31 Games in 1 Cartridge v1.1</description>
		<year>2013</year>
		<publisher>Buzz &amp; ZX-81</publisher>
		<part name="cart" interface="coleco_cart">
			<feature name="slot" value="xin1" />
			<dataarea name="rom" size="1048576">
				<rom name="31in1-eprom-15012013-rev2.rom" size="1048576" crc="3f4ebe58" sha1="bf7fc70b25b9654c86f644474ef9e6906df82a46" />
			</dataarea>
		</part>
	</software>

	<software name="421">
		<description>421</description>
		<year>2002</year>
		<publisher>Mathieu Proulx</publisher>
		<part name="cart" interface="coleco_cart">
			<dataarea name="rom" size="25600">
				<rom name="421-2002.rom" size="25600" crc="b6254fc5" sha1="f3a75bbef36851534657dfe1a788f76c77392c8f" />
			</dataarea>
		</part>
	</software>

	<software name="63in1">
		<description>63 Games in 1 Cartridge v1.0</description>
		<year>2013</year>
		<publisher>Buzz &amp; ZX-81</publisher>
		<part name="cart" interface="coleco_cart">
			<feature name="slot" value="xin1" />
			<dataarea name="rom" size="2097152">
				<rom name="eprom-flash-63in1-part1.rom" size="1048576" offset="0x000000" crc="3b21137f" sha1="a22b1a4ea96507c87269db50c0d21052e987e83f" />
				<rom name="eprom-flash-63in1-part2.rom" size="1048576" offset="0x100000" crc="f4d18722" sha1="e5a6d0071a0b1d813f03713133b48ba3a073c2cd" />
			</dataarea>
		</part>
	</software>

	<software name="aerial">
		<description>Aerial</description>
		<year>2022</year>
		<publisher>Inufuto</publisher>
		<part name="cart" interface="coleco_cart">
			<dataarea name="rom" size="10614">
				<rom name="aerial-2022.rom" size="10614" crc="2d9d8e6f" sha1="0f443dc5f92c56ed8f9cf024f177e3e3aa2d5896" />
			</dataarea>
		</part>
	</software>

	<software name="antienvi">
		<description>A.E. - Anti-Environment Encounter</description>
		<year>2011</year>
		<publisher>CollectorVision Games</publisher>
		<part name="cart" interface="coleco_cart">
			<dataarea name="rom" size="17408">
				<rom name="anti-environment-encounter-a-e-2012.rom" size="17408" crc="db845695" sha1="9e331ac982a848988264f705b6de4c0a8f5f1264" />
			</dataarea>
		</part>
	</software>

	<software name="airbattl">
		<description>Air Battle</description>
		<year>2000</year>
		<publisher>Daniel Bienvenu</publisher>
		<info name="version" value="v0.4" />
		<part name="cart" interface="coleco_cart">
			<dataarea name="rom" size="23808">
				<rom name="Air Battle V0.4 by Daniel Bienvenu (July 10) (2000) (PD).rom" size="23808" crc="7c66aba6" sha1="b3f191439440e9682183e703f9018f29fd1355f0" />
			</dataarea>
		</part>
	</software>

	<software name="antiair">
		<description>AntiAir</description>
		<year>2024</year>
		<publisher>Inufuto</publisher>
		<part name="cart" interface="coleco_cart">
			<dataarea name="rom" size="7941">
				<rom name="antiair.rom" size="7941" crc="8fabe383" sha1="4d211840ea17045556b977255b9d858337335c49" />
			</dataarea>
		</part>
	</software>

	<software name="arnodash">
		<description>Arno Dash</description>
		<year>2021</year>
		<publisher>Under4Mhz</publisher>
		<part name="cart" interface="coleco_cart">
			<dataarea name="rom" size="32768">
				<rom name="arno-dash-2021.rom" size="32768" crc="ead5e824" sha1="647259250d7079ca171ea1f2d47636e810768ade" />
			</dataarea>
		</part>
	</software>

	<software name="ascend">
		<description>Ascend</description>
		<year>2022</year>
		<publisher>Inufuto</publisher>
		<part name="cart" interface="coleco_cart">
			<dataarea name="rom" size="9371">
				<rom name="ascend.rom" size="9371" crc="c7f84f5f" sha1="1ddcc477841cf393197f40729ae70a8a472771ea" />
			</dataarea>
		</part>
	</software>

	<software name="asteroid">
		<description>Asteroids</description>
		<year>2022</year>
		<publisher>Team Pixelboy</publisher>
		<info name="usage" value="req. Super Game Module" />
		<part name="cart" interface="coleco_cart">
			<dataarea name="rom" size="32768">
				<rom name="asteroids-2022.rom" size="32768" crc="94bcf1d1" sha1="c966dc2709b3f3ce05f83cb64e4c6537230d3c27" />
			</dataarea>
		</part>
	</software>

	<software name="astrost">
		<description>Astrostorm</description>
		<year>2021</year>
		<publisher>Analogkid</publisher>
		<part name="cart" interface="coleco_cart">
			<dataarea name="rom" size="28787">
				<rom name="astrostorm-2021.rom" size="28787" crc="3b27ed05" sha1="37ae2be33dbcf87d85a07958ca67635657695298" />
			</dataarea>
		</part>
	</software>

	<software name="bagman">
		<description>Bagman</description>
		<year>2015</year>
		<publisher>CollectorVision Games</publisher>
		<info name="author" value="Jean-Michel Girad" />
		<part name="cart" interface="coleco_cart">
			<dataarea name="rom" size="32767">
				<rom name="bagman.rom" size="32767" crc="673bdb9d" sha1="359516da9459fb743a15f21febbb01c5230f0c6d" />
			</dataarea>
		</part>
	</software>

	<software name="bankpanc">
		<description>Bank Panic</description>
		<year>2011</year>
		<publisher>Team Pixelboy</publisher>
		<part name="cart" interface="coleco_cart">
			<dataarea name="rom" size="32768">
				<rom name="bank-panic-2011.rom" size="32768" crc="223e7ddc" sha1="0a24de36acf6d9f8261a31f5dea93eb1414b6e90" />
			</dataarea>
		</part>
	</software>

	<software name="bankrupt">
		<description>Bankruptcy Builder</description>
		<year>2013</year>
		<publisher>Good Deal Games</publisher>
		<part name="cart" interface="coleco_cart">
			<dataarea name="rom" size="26878">
				<rom name="bankruptcy-builder-2013.rom" size="26878" crc="25112f05" sha1="a797b4b2a7df9562e32c902ab6a1f89b7ffee3c8" />
			</dataarea>
		</part>
	</software>

	<software name="batthoth">
		<description>Battle of Hoth</description>
		<year>2013</year>
		<publisher>Team Pixelboy</publisher>
		<info name="author" value="Jean-Philippe Meola" />
		<part name="cart" interface="coleco_cart">
			<dataarea name="rom" size="32768">
				<rom name="battle-of-hoth.rom" size="32768" crc="b2ef6386" sha1="e6c80b2de7a5a0a05c1a3289c6ad9498bc62e52c" />
			</dataarea>
		</part>
	</software>

	<software name="battlot">
		<description>Battlot</description>
		<year>2022</year>
		<publisher>Inufuto</publisher>
		<part name="cart" interface="coleco_cart">
			<dataarea name="rom" size="9601">
				<rom name="battlot.rom" size="9601" crc="115d32a3" sha1="8c44d7edf81f2234ac51422990cdfe16a280d17a" />
			</dataarea>
		</part>
	</software>

	<software name="berzerk">
		<description>Berzerk</description>
		<year>2022</year>
		<publisher>CollectorVision Games</publisher>
		<part name="cart" interface="coleco_cart">
			<dataarea name="rom" size="20181">
				<rom name="berzerk.rom" size="20181" crc="81484efa" sha1="2d31bf8926523c87b3af00404b047c74b40f0468" />
			</dataarea>
		</part>
	</software>

	<software name="bejeweld">
		<description>Bejeweled</description>
		<year>2002</year>
		<publisher>Amy Marie Bienvenu</publisher>
		<part name="cart" interface="coleco_cart">
			<dataarea name="rom" size="25728">
				<rom name="bejeweled-2002.rom" size="25728" crc="39c5a7e9" sha1="c3b69fee94bd036b98c8194efc6178169575a659" />
			</dataarea>
		</part>
	</software>

	<software name="bejeweld_01" cloneof="bejeweld">
		<description>Bejeweled (v2001)</description>
		<year>2001</year>
		<publisher>Daniel Bienvenu</publisher>
		<part name="cart" interface="coleco_cart">
			<dataarea name="rom" size="16640">
				<rom name="bejeweled.rom" size="16640" crc="1ba0688f" sha1="031dc3902f6880e3b6ca043c74de6ba1f306237c" />
			</dataarea>
		</part>
	</software>

	<software name="blackonx">
		<description>The Black Onyx</description>
		<year>2013</year>
		<publisher>Team Pixelboy</publisher>
		<part name="cart" interface="coleco_cart">
			<feature name="slot" value="activision_256b" />
			<dataarea name="rom" size="65536">
				<rom name="black-onyx-the-2013.rom" size="65536" crc="dddd1396" sha1="9bc148c38bd94ba52efa335a08f5c2660b5dbf32" />
			</dataarea>
		</part>
	</software>

	<software name="bombjack">
		<description>Bomb Jack</description>
		<year>2015</year>
		<publisher>CollectorVision Games</publisher>
		<info name="author" value="Michel Louvet" />
		<part name="cart" interface="coleco_cart">
			<dataarea name="rom" size="32174">
				<rom name="bomb-jack.rom" size="32174" crc="a399d4cd" sha1="63dedc954851761c55eedbb05d51dc4b8bdb23c1" />
			</dataarea>
		</part>
	</software>

	<software name="boomboy">
		<description>Booming Boy</description>
		<year>2019</year>
		<publisher>Team Pixelboy</publisher>
		<info name="usage" value="req. Super Game Module" />
		<part name="cart" interface="coleco_cart">
			<dataarea name="rom" size="32768">
				<rom name="booming-boy-2019.rom" size="32768" crc="924a7d57" sha1="290223ece23287fc0d1816fd172999cfe4d76ef0" />
			</dataarea>
		</part>
	</software>

	<software name="boothill">
		<description>Boot Hill</description>
		<year>2018</year>
		<publisher>Leo Brophy</publisher>
		<part name="cart" interface="coleco_cart">
			<dataarea name="rom" size="32768">
				<rom name="boot-hill.rom" size="32768" crc="59e22170" sha1="b7a78920fa37177dc5f9a1105961ded4bd58e832" />
			</dataarea>
		</part>
	</software>

	<software name="bootskel">
		<description>Bootskell</description>
		<year>2022</year>
		<publisher>Inufuto</publisher>
		<part name="cart" interface="coleco_cart">
			<dataarea name="rom" size="9283">
				<rom name="bootskell-2022.rom" size="9283" crc="46f2cea5" sha1="299033917ae7e0c4f9667b406644e6180dca1958" />
			</dataarea>
		</part>
	</software>

	<software name="boxxle">
		<description>Boxxle</description>
		<year>2015</year>
		<publisher>Team Pixelboy</publisher>
		<part name="cart" interface="coleco_cart">
			<feature name="slot" value="activision_32k" />
			<dataarea name="rom" size="65536">
				<rom name="boxxle-2015.rom" size="65536" crc="62dacf07" sha1="98dc774cb4e954a026a298d2cb91d662f0f484cd" />
			</dataarea>
		</part>
	</software>

	<software name="breakout">
		<description>Breakout</description>
		<year>1999</year>
		<publisher>Amy Marie Bienvenu</publisher>
		<info name="language" value="French" />
		<part name="cart" interface="coleco_cart">
			<dataarea name="rom" size="13696">
				<rom name="breakout-1999.rom" size="13696" crc="b05fb3ec" sha1="2b25dc2ea0e2791662209537590886598b7ec85c" />
			</dataarea>
		</part>
	</software>

	<software name="buckroge">
		<description>Buck Rogers Super Game</description>
		<year>2013</year>
		<publisher>Team Pixelboy</publisher>
		<info name="usage" value="req. Super Game Module" />
		<part name="cart" interface="coleco_cart">
			<feature name="slot" value="megacart" />
			<dataarea name="rom" size="262144">
				<rom name="buck-rogers-super-game-2013.rom" size="262144" crc="c4f1a85a" sha1="199e8aa54d21cc30a999fdbee9e1987a96186e1d" />
			</dataarea>
		</part>
	</software>

	<software name="bunny">
		<description>Bunny</description>
		<year>20??</year>
		<publisher>Daniel Bienvenu</publisher>
		<part name="cart" interface="coleco_cart">
			<dataarea name="rom" size="4096">
				<rom name="bunny.rom" size="4096" crc="fd27e856" sha1="7cdb1b050f3ef25ab048ee1d64e99f1c5493fbea" />
			</dataarea>
		</part>
	</software>

	<software name="burnrubb">
		<description>Burn Rubber</description>
		<year>2012</year>
		<publisher>CollectorVision Games</publisher>
		<part name="cart" interface="coleco_cart">
			<dataarea name="rom" size="32768">
				<rom name="burn-rubber-2012.rom" size="32768" crc="b278ebde" sha1="0c323ec9a9d1058e849de39256d1914cec778bdc" />
			</dataarea>
		</part>
	</software>

	<software name="bustinv1">
		<description>BUsTin-Out Volume 1</description>
		<year>2000</year>
		<publisher>Daniel Bienvenu</publisher>
		<part name="cart" interface="coleco_cart">
			<dataarea name="rom" size="32768">
				<rom name="BUsTin-Out Volume 1 by Daniel Bienvenu (2000) (PD).rom" size="32768" crc="97b601a2" sha1="d12f48fa0352c57deeb4aec9790f6af2ab50afca" />
			</dataarea>
		</part>
	</software>

	<software name="bustinv2">
		<description>BUsTin-Out Volume 2</description>
		<year>2000</year>
		<publisher>Daniel Bienvenu</publisher>
		<part name="cart" interface="coleco_cart">
			<dataarea name="rom" size="32640">
				<rom name="BUsTin-Out Volume 2 by Daniel Bienvenu (2000) (PD).rom" size="32640" crc="e12ccc1e" sha1="de429b3e17d1dd8f3c3172490de669b10a89a3e5" />
			</dataarea>
		</part>
	</software>

	<software name="canmini">
		<description>Canadian Mini Games</description>
		<year>2008</year>
		<publisher>Amy Marie Bienvenu</publisher>
		<part name="cart" interface="coleco_cart">
			<dataarea name="rom" size="32768">
				<rom name="canadian-mini-games-2008.rom" size="32768" crc="99f3cbc9" sha1="c9ced69ec7df07cf56d9cfe5c0d160e47640e59a" />
			</dataarea>
		</part>
	</software>

	<software name="cacorm">
		<description>Cacorm</description>
		<year>2022</year>
		<publisher>Inufuto</publisher>
		<part name="cart" interface="coleco_cart">
			<dataarea name="rom" size="8423">
				<rom name="cacorm.rom" size="8423" crc="60000902" sha1="59a4cb2f041b527104ca0849b1355a71d186a9af" />
			</dataarea>
		</part>
	</software>

	<software name="caosbegn">
		<description>Caos Begins</description>
		<year>2016</year>
		<publisher>Team Pixelboy</publisher>
		<info name="usage" value="req. Super Game Module" />
		<part name="cart" interface="coleco_cart">
			<dataarea name="rom" size="32768">
				<rom name="caos-begins-2016.rom" size="32768" crc="53672097" sha1="57edfe7db9edbfcd5fbbac6cea017e536bac417f" />
			</dataarea>
		</part>
	</software>

	<software name="catersos">
		<description>Caterpillar S.O.S.</description>
		<year>2011</year>
		<publisher>CollectorVision Games</publisher>
		<info name="alt_title" value="The Cat S.O.S. Game" /> <!-- box cover -->
		<part name="cart" interface="coleco_cart">
			<dataarea name="rom" size="32768">
				<rom name="caterpillar-s-o-s-2011.rom" size="32768" crc="10e6e6de" sha1="6e10e01bc2c9c192ce1366eccd4fb2258b488d36" />
			</dataarea>
		</part>
	</software>

	<software name="cavit">
		<description>Cavit</description>
		<year>2022</year>
		<publisher>Inufuto</publisher>
		<part name="cart" interface="coleco_cart">
			<dataarea name="rom" size="9824">
				<rom name="cavit-2022.rom" size="9824" crc="8d3e9de3" sha1="e9822ee24c72c24418288f15096a6e160e8a1a80" />
			</dataarea>
		</part>
	</software>

	<software name="cavtitan">
		<description>Caverns of Titan</description>
		<year>2017</year>
		<publisher>Team Pixelboy</publisher>
		<info name="usage" value="req. Super Game Module" />
		<part name="cart" interface="coleco_cart">
			<dataarea name="rom" size="32768">
				<rom name="caverns-of-titan-2017.rom" size="32768" crc="4928b5f5" sha1="fb191968b0a8d106d378826ebc700905cc6eb9e0" />
			</dataarea>
		</part>
	</software>

	<software name="chackpop">
		<description>Chack'n Pop</description>
		<year>2011</year>
		<publisher>CollectorVision Games</publisher>
		<part name="cart" interface="coleco_cart">
			<dataarea name="rom" size="32768">
				<rom name="chackn-pop.rom" size="32768" crc="c1366313" sha1="8448feff0a21037eb22dd968ab57d3312b153de0" />
			</dataarea>
		</part>
	</software>

	<software name="chatdrag">
		<description>Le Château du Dragon</description>
		<year>2001</year>
		<publisher>Daniel Bienvenu</publisher>
		<info name="language" value="French" />
		<part name="cart" interface="coleco_cart">
			<dataarea name="rom" size="9088">
				<rom name="Chateau du Dragon by Daniel Bienvenu (2001) (PD).rom" size="9088" crc="43478adf" sha1="0029fe15165165e95db2a5702cb162c770170637" />
			</dataarea>
		</part>
	</software>

	<software name="childotn">
		<description>Children of the Night</description>
		<year>2018</year>
		<publisher>Team Pixelboy</publisher>
		<info name="usage" value="req. Super Game Module" />
		<part name="cart" interface="coleco_cart">
			<feature name="slot" value="megacart" />
			<dataarea name="rom" size="131072">
				<rom name="children-of-the-night-2018.rom" size="131072" crc="55b36d53" sha1="07e4e1fa093b2aacf5c6011a7cc371b9747b8f32" />
			</dataarea>
		</part>
	</software>

	<software name="circusc">
		<description>Circus Charlie</description>
		<year>2011</year>
		<publisher>Team Pixelboy</publisher>
		<part name="cart" interface="coleco_cart">
			<dataarea name="rom" size="32768">
				<rom name="circus-charlie-2011.rom" size="32768" crc="be3ef785" sha1="9e9d2d42074ff0d62b98eb2032664c4bc3c51b0a" />
			</dataarea>
		</part>
	</software>

	<software name="coldbld">
		<description>Cold Blood</description>
		<year>2017</year>
		<publisher>Team Pixelboy</publisher>
		<info name="usage" value="req. Super Game Module" />
		<part name="cart" interface="coleco_cart">
			<dataarea name="rom" size="32768">
				<rom name="cold-blood-2017.rom" size="32768" crc="960f7086" sha1="3449c1aabdcfc64fe672f393be017f7c6faafc04" />
			</dataarea>
		</part>
	</software>

	<software name="comicbak">
		<description>Comic Bakery</description>
		<year>2014</year>
		<publisher>CollectorVision Games</publisher>
		<info name="usage" value="supports Super Game Module for better sound" />
		<part name="cart" interface="coleco_cart">
			<dataarea name="rom" size="27925">
				<rom name="comic-bakery.rom" size="27925" crc="8884bac2" sha1="41648df0159ffc63e812213abd11dbe8e598adf7" />
			</dataarea>
		</part>
	</software>

	<software name="comretrn">
		<description>Commando Returns (demo)</description>
		<year>20??</year>
		<publisher>Michel Louvet</publisher>
		<part name="cart" interface="coleco_cart">
			<dataarea name="rom" size="18014">
				<rom name="CommandoWIP.rom" size="18014" crc="e97a69e1" sha1="2ad1b4ff8d6f8c2cb086530807391c4b4d599619" />
			</dataarea>
		</part>
	</software>

	<software name="cosmoch">
		<description>Cosmo Challenge</description>
		<year>1997</year>
		<publisher>Marcel de Kogel</publisher>
		<part name="cart" interface="coleco_cart">
			<dataarea name="rom" size="21632">
				<rom name="cosmo-challenge.rom" size="21632" crc="43933306" sha1="d9adaae3ff8dce384c00790999f2fd1f9b29213e" />
			</dataarea>
		</part>
	</software>

	<software name="cracky">
		<description>Cracky</description>
		<year>2023</year>
		<publisher>Inufuto</publisher>
		<part name="cart" interface="coleco_cart">
			<dataarea name="rom" size="7332">
				<rom name="cracky.rom" size="7332" crc="bb13bc66" sha1="2579ee67448f0b5cc30d447107dd17cb93b7acff" />
			</dataarea>
		</part>
	</software>

	<software name="crazycr">
		<description>Crazy Climber Redux</description>
		<year>2021</year>
		<publisher>8-bit Milli Games</publisher>
		<part name="cart" interface="coleco_cart">
			<dataarea name="rom" size="32768">
				<rom name="crazy-climber-redux-2021.rom" size="32768" crc="2c630f28" sha1="cde6ec136d0f107081253c5e3b3879c51a466877" />
			</dataarea>
		</part>
	</software>

	<software name="cso">
		<description>C-So!</description>
		<year>2018</year>
		<publisher>Team Pixelboy</publisher>
		<part name="cart" interface="coleco_cart">
			<dataarea name="rom" size="32369">
				<rom name="c-so-2018.rom" size="32369" crc="b248cd72" sha1="f16177e445997ff534cfde25c8c02d3affa81f61" />
			</dataarea>
		</part>
	</software>

	<!-- Press 0 for Cheat Menu -->
	<software name="csoa">
		<description>C-So! (with Cheat Menu)</description>
		<year>2018</year>
		<publisher>Team Pixelboy</publisher>
		<part name="cart" interface="coleco_cart">
			<dataarea name="rom" size="32676">
				<rom name="c-so-cheats.rom" size="32676" crc="7809de10" sha1="f8a4207a0c9b6dd52d60bdb4587ad95e1965810d" />
			</dataarea>
		</part>
	</software>

	<software name="dacman">
		<description>DacMan</description>
		<year>2000</year>
		<publisher>Amy Marie Bienvenu</publisher>
		<part name="cart" interface="coleco_cart">
			<dataarea name="rom" size="24576">
				<rom name="dacman-2000.rom" size="24576" crc="9a46ef8d" sha1="5bc984f731766a54355a3f38730c0ba8b98edd7d" />
			</dataarea>
		</part>
	</software>

	<software name="dangert">
		<description>Danger Tower</description>
		<year>2017</year>
		<publisher>Team Pixelboy</publisher>
		<info name="usage" value="req. Super Game Module" />
		<part name="cart" interface="coleco_cart">
			<dataarea name="rom" size="32768">
				<rom name="danger-tower-2017.rom" size="32768" crc="0246bdb1" sha1="94c367f6209a97528dc91f68dc9f4af4925cd997" />
			</dataarea>
		</part>
	</software>

	<software name="deathrac">
		<description>Death Race</description>
		<year>2004</year>
		<publisher>Dav</publisher>
		<part name="cart" interface="coleco_cart">
			<dataarea name="rom" size="3936">
				<rom name="death-race.rom" size="3936" crc="ff4964b1" sha1="9f97a9594b39fdc32e530c18ba14f75852efc61e" />
			</dataarea>
		</part>
	</software>

	<software name="deepdung">
		<description>Deep Dungeon Adventure</description>
		<year>2017</year>
		<publisher>Team Pixelboy</publisher>
		<info name="usage" value="req. Super Game Module" />
		<part name="cart" interface="coleco_cart">
			<feature name="slot" value="megacart" />
			<dataarea name="rom" size="131072">
				<rom name="deep-dungeon-adventure-2017.rom" size="131072" crc="77900970" sha1="c139d52b3cabb5f3b9c524f87ed1223edcff8a69" />
			</dataarea>
		</part>
	</software>

	<software name="deflekt">
		<description>Deflektor Kollection</description>
		<year>2003</year>
		<publisher>Atariage</publisher>
		<info name="usage" value="req. Driving or Roller Controller" />
		<part name="cart" interface="coleco_cart">
			<dataarea name="rom" size="31872">
				<rom name="deflektor-kollection-2003.rom" size="31872" crc="1b3a8639" sha1="18ce2b989a496ea10e685c9d3103514d3274d45d" />
			</dataarea>
		</part>
	</software>

	<software name="destrucs">
		<description>Destructor S.C.E.</description>
		<year>2010</year>
		<publisher>Team Pixelboy</publisher>
		<part name="cart" interface="coleco_cart">
			<dataarea name="rom" size="32768">
				<rom name="destructor-sce-standard-controller-edition-2010.rom" size="32768" crc="2a9fcbfa" sha1="1ab10c384235861d37d5098ea11ae683ed2fdbac" />
			</dataarea>
		</part>
	</software>

	<software name="diadash2">
		<description>Diamond Dash II</description>
		<year>2021</year>
		<publisher>Under4Mhz</publisher>
		<part name="cart" interface="coleco_cart">
			<dataarea name="rom" size="32768">
				<rom name="diamond-dash-2-2021.rom" size="32768" crc="5576dec3" sha1="518f352bd73974edf86ee8f958774844c17b7487" />
			</dataarea>
		</part>
	</software>

	<software name="digger">
		<description>Digger</description>
		<year>2015</year>
		<publisher>CollectorVision Games</publisher>
		<part name="cart" interface="coleco_cart">
			<dataarea name="rom" size="24576">
				<rom name="digger.rom" size="24576" crc="77088cab" sha1="01c9ba078dbbdb8958e9800d06740d063080f44a" />
			</dataarea>
		</part>
	</software>

	<software name="dblbrout">
		<description>Double Breakout</description>
		<year>2001</year>
		<publisher>Daniel Bienvenu</publisher>
		<part name="cart" interface="coleco_cart">
			<dataarea name="rom" size="32768">
				<rom name="doublebreakout_23_03_2001.rom" size="32768" crc="1229e811" sha1="699915e4158b2c3d127e5924a14146a3c71d6a8e" />
			</dataarea>
		</part>
	</software>

	<software name="dlairs">
		<description>Dragon's Lair</description>
		<year>2012</year>
		<publisher>Team Pixelboy</publisher>
		<info name="usage" value="req. Super Game Module" />
		<part name="cart" interface="coleco_cart">
			<feature name="slot" value="megacart" />
			<dataarea name="rom" size="262144">
				<rom name="dragon-s-lair-2012.rom" size="262144" crc="12ceee08" sha1="e74f80fef5276ee6d58b2ed6ee8ebeec668db324" />
			</dataarea>
		</part>
	</software>

	<software name="dungeon">
		<description>Dungeon and Trolls</description>
		<year>2014</year>
		<publisher>CollectorVision Games</publisher>
		<info name="author" value="Michel Louvet" />
		<part name="cart" interface="coleco_cart">
			<dataarea name="rom" size="30187">
				<rom name="dungeon-and-trolls.rom" size="30187" crc="a227fdaa" sha1="8f2ad6a7abe91ae98304c4cad1ea5295ad31d1ab" />
			</dataarea>
		</part>
	</software>

	<software name="elevator">
		<description>Elevator Action</description>
		<year>2019</year>
		<publisher>Opcode Games</publisher>
		<info name="usage" value="req. Super Game Module" />
		<part name="cart" interface="coleco_cart">
			<dataarea name="rom" size="32768">
				<rom name="elevator_action.rom" size="32768" crc="cf4bdc75" sha1="499a1731ea16092a4ef2651edc25f08a69d30fa5" />
			</dataarea>
		</part>
	</software>

	<software name="flapbird">
		<description>Flapee Byrd</description>
		<year>2014</year>
		<publisher>CollectorVision Games</publisher>
		<part name="cart" interface="coleco_cart">
			<dataarea name="rom" size="32756">
				<rom name="flapee-byrd-2014.rom" size="32756" crc="5ac80811" sha1="7c45c6c7517a78168a80504e0e7b65fdbca232ef" />
			</dataarea>
		</part>
	</software>

	<software name="flicky">
		<description>Flicky</description>
		<year>2018</year>
		<publisher>Team Pixelboy</publisher>
		<part name="cart" interface="coleco_cart">
			<dataarea name="rom" size="32768">
				<rom name="flicky-2018.rom" size="32768" crc="89875c52" sha1="f689acb09aa67aa74d79cd2f2a71d308a9e657b6" />
			</dataarea>
		</part>
	</software>

	<!-- Might be identical to the 2013 cartridge release -->
	<software name="flora">
		<description>Flora and the Ghost Mirror</description>
		<year>2016</year>
		<publisher>CollectorVision Games</publisher>
		<info name="author" value="Amy Marie Bienvenu" />
		<part name="cart" interface="coleco_cart">
			<dataarea name="rom" size="32768">
				<rom name="flora-and-the-ghost-mirror-2016.col" size="32768" crc="fd69012b" sha1="40e85b474db95076186ceaf89f1e259dd929b5ce" />
			</dataarea>
		</part>
	</software>

	<software name="florarom">
		<description>Flora and the Ghost Mirror (ROM File Edition)</description>
		<year>2013</year>
		<publisher>NewColeco</publisher>
		<info name="author" value="Amy Marie Bienvenu" />
		<part name="cart" interface="coleco_cart">
			<dataarea name="rom" size="30638">
				<rom name="flora-and-the-ghost-mirror-2013.rom" size="30638" crc="2f7fdc2b" sha1="845f23b15763f92a4dfca95189bae691eb1c2d16" />
			</dataarea>
		</part>
	</software>

	<!-- A final version was never released -->
	<software name="frantic">
		<description>Frantic (demo)</description>
		<year>2008</year>
		<publisher>Scott Huggins</publisher>
		<part name="cart" interface="coleco_cart">
			<dataarea name="rom" size="32640">
				<rom name="frantic.rom" size="32640" crc="f43b0b28" sha1="8a81e9b854e7f7fd5d4419cc9716d03ac2cfe023" />
			</dataarea>
		</part>
	</software>

	<software name="frogf">
		<description>Frog Feast</description>
		<year>2007</year>
		<publisher>&lt;unknown&gt;</publisher>
		<part name="cart" interface="coleco_cart">
			<dataarea name="rom" size="21760">
				<rom name="frog-feast-2007.rom" size="21760" crc="cb941eb4" sha1="a8b9cbc3675f61f364a762cff87aa8563522c667" />
			</dataarea>
		</part>
	</software>

	<software name="frontlin">
		<description>Front Line S.C.E.</description>
		<year>2015</year>
		<publisher>Team Pixelboy</publisher>
		<part name="cart" interface="coleco_cart">
			<dataarea name="rom" size="32768">
				<rom name="front-line-s-c-e-2015.rom" size="32768" crc="832586bf" sha1="230c2489696714e5eddb07461f9d7a3e2d1e2a01" />
			</dataarea>
		</part>
	</software>

	<software name="frostbit">
		<description>Frostbite</description>
		<year>2017</year>
		<publisher>Team Pixelboy</publisher>
		<part name="cart" interface="coleco_cart">
			<dataarea name="rom" size="32768">
				<rom name="frostbite-2017.rom" size="32768" crc="b3212318" sha1="92ed60d081e192053823b62b90a647279b241dd5" />
			</dataarea>
		</part>
	</software>

	<software name="galaga">
		<description>Galaga</description>
		<year>2014</year>
		<publisher>CollectorVision Games</publisher>
		<info name="usage" value="req. Super Game Module" />
		<part name="cart" interface="coleco_cart">
			<dataarea name="rom" size="32768">
				<rom name="galaga.rom" size="32768" crc="9f1045e6" sha1="b5365ada274896d8934d9d4fe10bf48621f1e5da" />
			</dataarea>
		</part>
	</software>

	<software name="gauntlet">
		<description>Gauntlet</description>
		<year>2019</year>
		<publisher>Team Pixelboy</publisher>
		<info name="usage" value="req. Super Game Module" />
		<part name="cart" interface="coleco_cart">
			<feature name="slot" value="megacart" />
			<dataarea name="rom" size="262144">
				<rom name="gauntlet-2019.rom" size="262144" crc="652d533e" sha1="ce7165b2e20cfb20942bb16c98ac2abc0942059b" />
			</dataarea>
		</part>
	</software>

	<software name="ghostbla">
		<description>Ghostblaster (rev. B)</description>
		<year>2009</year>
		<publisher>Amy Marie Bienvenu</publisher>
		<part name="cart" interface="coleco_cart">
			<dataarea name="rom" size="32563">
				<rom name="gb_pal_20100311.rom" size="32563" crc="cf4ed5e0" sha1="7f2e577f2144e1a457d0f65500a2370566ee8b56" />
			</dataarea>
		</part>
	</software>

	<software name="ghostbla_a" cloneof="ghostbla">
		<description>Ghostblaster (rev. A)</description>
		<year>2009</year>
		<publisher>Amy Marie Bienvenu</publisher>
		<part name="cart" interface="coleco_cart">
			<dataarea name="rom" size="32658">
				<rom name="ghostblaster-2006.rom" size="32658" crc="312980d5" sha1="7f1221fd09d3a3ca19eaf2eb6ea9adc3721a1ebf" />
			</dataarea>
		</part>
	</software>

	<software name="ghostbus">
		<description>Ghostbusters</description>
		<year>2018</year>
		<publisher>Team Pixelboy</publisher>
		<info name="usage" value="req. Super Game Module" />
		<part name="cart" interface="coleco_cart">
			<feature name="slot" value="megacart" />
			<dataarea name="rom" size="65536">
				<rom name="ghostbusters-2018.rom" size="65536" crc="fc935cdd" sha1="82d3838bf3d1cafc882fd4c1b9639de950e62942" />
			</dataarea>
		</part>
	</software>

	<software name="girlsg">
		<description>Girl's Garden</description>
		<year>2010</year>
		<publisher>Team Pixelboy</publisher>
		<part name="cart" interface="coleco_cart">
			<dataarea name="rom" size="31883">
				<rom name="girl-s-garden-2010.rom" size="31883" crc="1e79958a" sha1="daed88ff7a96f78998e7115c4016d7194ea56c4d" />
			</dataarea>
		</part>
	</software>

	<software name="golgo13">
		<description>Golgo 13</description>
		<year>2011</year>
		<publisher>Team Pixelboy</publisher>
		<part name="cart" interface="coleco_cart">
			<dataarea name="rom" size="32768">
				<rom name="golgo-13-2011.rom" size="32768" crc="8acf1bcf" sha1="0a0752633c8fed79ae9cf7bf468d2a49222b2e22" />
			</dataarea>
		</part>
	</software>

	<software name="goonies">
		<description>The Goonies</description>
		<year>2012</year>
		<publisher>Team Pixelboy</publisher>
		<info name="usage" value="req. Super Game Module" />
		<part name="cart" interface="coleco_cart">
			<feature name="slot" value="megacart" />
			<dataarea name="rom" size="131072">
				<rom name="goonies-the-2012.rom" size="131072" crc="01581fa8" sha1="f8a5cef2de46e22e282551911f7aa00b30717f9e" />
			</dataarea>
		</part>
	</software>

	<software name="gpworld">
		<description>GP World</description>
		<year>2021</year>
		<publisher>Team Pixelboy</publisher>
		<part name="cart" interface="coleco_cart">
			<dataarea name="rom" size="32768">
				<rom name="gp-world-2021.rom" size="32768" crc="3412cf1a" sha1="b324f1fc86889e3c9c8ea410af986627b2b8386b" />
			</dataarea>
		</part>
	</software>

	<!-- There is also a newer 2023 version -->
	<software name="gradius">
		<description>Gradius</description>
		<year>2016</year>
		<publisher>Opcode Games</publisher>
		<info name="usage" value="req. Super Game Module" />
		<part name="cart" interface="coleco_cart">
			<feature name="slot" value="sgc_1mbit" />
			<dataarea name="rom" size="131072">
				<rom name="gradius.rom" size="131072" crc="30d337e4" sha1="20a3204faf796fe8284eab0e47cb17738219c999" />
			</dataarea>
		</part>
	</software>

	<software name="gulkave">
		<description>Gulkave</description>
		<year>2010</year>
		<publisher>Team Pixelboy</publisher>
		<part name="cart" interface="coleco_cart">
			<dataarea name="rom" size="32768">
				<rom name="gulkave-2010.rom" size="32768" crc="81413ff6" sha1="6339135828d4ce4b1d5bda4afa795bfe81283584" />
			</dataarea>
		</part>
	</software>

	<software name="guntus">
		<description>Guntus</description>
		<year>2022</year>
		<publisher>Inufuto</publisher>
		<part name="cart" interface="coleco_cart">
			<dataarea name="rom" size="11740">
				<rom name="guntus.rom" size="11740" crc="64488291" sha1="df5bfad174d0b27d2be798d6ec206b92ac4c3052" />
			</dataarea>
		</part>
	</software>

	<!-- Shows 'Hang-On II' on the title screen -->
	<software name="hangon">
		<description>Hang-On</description>
		<year>2016</year>
		<publisher>CollectorVision Games</publisher>
		<part name="cart" interface="coleco_cart">
			<dataarea name="rom" size="32768">
				<rom name="hang-on.rom" size="32768" crc="27818d93" sha1="d7735f1da86421cc92c8339515a7f192c9ddef22" />
			</dataarea>
		</part>
	</software>

	<software name="haunted">
		<description>Haunted Caves</description>
		<year>2013</year>
		<publisher>Nicam Shilova</publisher>
		<info name="author" value="Nicolas Campion" />
		<part name="cart" interface="coleco_cart">
			<dataarea name="rom" size="10881">
				<rom name="haunted-caves.rom" size="10881" crc="359f0ae5" sha1="4deb349f4205b8efffd4e7325b76aa00b7c4d32d" />
			</dataarea>
		</part>
	</software>

	<software name="helifire">
		<description>HeliFire</description>
		<year>2013</year>
		<publisher>CollectorVision Games</publisher>
		<part name="cart" interface="coleco_cart">
			<dataarea name="rom" size="15385">
				<rom name="helifire.rom" size="15385" crc="9b891703" sha1="11f56bac3f01d4e1238639549a7035ccdda28f89" />
			</dataarea>
		</part>
	</software>

	<software name="heroes">
		<description>Heroes Arena</description>
		<year>2017</year>
		<publisher>Team Pixelboy</publisher>
		<info name="usage" value="req. Super Game Module" />
		<part name="cart" interface="coleco_cart">
			<dataarea name="rom" size="32768">
				<rom name="heroes-arena-2017.rom" size="32768" crc="87a49761" sha1="46c31708300e4a431cc6732d2963c798aba4d7d9" />
			</dataarea>
		</part>
	</software>

	<software name="hopman">
		<description>Hopman</description>
		<year>2023</year>
		<publisher>Inufuto</publisher>
		<part name="cart" interface="coleco_cart">
			<dataarea name="rom" size="9834">
				<rom name="hopman.rom" size="9834" crc="856fc7b8" sha1="0778be62035e08cdf9adf7a8a1784f80156be73d" />
			</dataarea>
		</part>
	</software>

	<software name="impetus">
		<description>Impetus</description>
		<year>2022</year>
		<publisher>Inufuto</publisher>
		<part name="cart" interface="coleco_cart">
			<dataarea name="rom" size="16262">
				<rom name="impetus-2022.rom" size="16262" crc="e30a446e" sha1="a5189962a57f2e34decbbe382873dbd86615f213" />
			</dataarea>
		</part>
	</software>

	<software name="insane">
		<description>Insane Pickin' Sticks VIII</description>
		<year>2010</year>
		<publisher>Amy Marie Bienvenu</publisher>
		<part name="cart" interface="coleco_cart">
			<dataarea name="rom" size="30864">
				<rom name="insane-pickin-sticks-viii-2010.rom" size="30864" crc="5a6c2d2f" sha1="bbeee720f23309a71930850e35e88a1bfb7c0c65" />
			</dataarea>
		</part>
	</software>

	<software name="jeepers">
		<description>Jeepers Creepers</description>
		<year>2010</year>
		<publisher>Amy Marie Bienvenu</publisher>
		<part name="cart" interface="coleco_cart">
			<dataarea name="rom" size="32768">
				<rom name="jeepers-creepers-2010.rom" size="32768" crc="69e3c673" sha1="f50c12c4ada467531af301baf331c3838685e33d" />
			</dataarea>
		</part>
	</software>

	<!-- Might be a demo or unfinished, can't control? -->
	<software name="jetp4k" supported="no">
		<description>Jetp4k</description>
		<year>????</year>
		<publisher>HDK</publisher>
		<part name="cart" interface="coleco_cart">
			<dataarea name="rom" size="4096">
				<rom name="jet-pack-2014.rom" size="4096" crc="358c5fd2" sha1="45632a2b248d3f893687f63dd6f19b69c250a036" />
			</dataarea>
		</part>
	</software>

	<software name="jetpac">
		<description>J.E.T.P.A.C.</description>
		<year>2017</year>
		<publisher>Team Pixelboy</publisher>
		<info name="usage" value="req. Super Game Module" />
		<part name="cart" interface="coleco_cart">
			<dataarea name="rom" size="32768">
				<rom name="j-e-t-p-a-c-2017.rom" size="32768" crc="ae7614c3" sha1="d8c091c33d63465d3b24ea77dff5e91d880f9d49" />
			</dataarea>
		</part>
	</software>

	<software name="jumpdie">
		<description>Jump or Die</description>
		<year>2006</year>
		<publisher>Daniel Bienvenu</publisher>
		<part name="cart" interface="coleco_cart">
			<dataarea name="rom" size="2688">
				<rom name="jump-or-die.rom" size="2688" crc="f403fe04" sha1="aabca82c56bfb2c0587022ea87402fde75a42da9" />
			</dataarea>
		</part>
	</software>

	<software name="kaboom">
		<description>Kaboom!</description>
		<year>2017</year>
		<publisher>Team Pixelboy</publisher>
		<part name="cart" interface="coleco_cart">
			<dataarea name="rom" size="16384">
				<rom name="kaboom-2017.rom" size="16384" crc="24a2b61b" sha1="d58688758f18552e23f5ff44741a2f8422482b41" />
			</dataarea>
		</part>
	</software>

	<software name="kevtris">
		<description>Kevtris</description>
		<year>1996</year>
		<publisher>Kevin Horton</publisher>
		<part name="cart" interface="coleco_cart">
			<dataarea name="rom" size="16384">
				<rom name="kevtris-1996.rom" size="16384" crc="819a06e5" sha1="5de3bd9b7234a0eea7551ddbedd7f55cd47aa9f7" />
			</dataarea>
		</part>
	</software>

	<software name="killbarn">
		<description>Kill Barney in Tokyo</description>
		<year>1997</year>
		<publisher>Daniel Bienvenu</publisher>
		<part name="cart" interface="coleco_cart">
			<dataarea name="rom" size="9494">
				<rom name="kill-barney-in-tokyo.rom" size="9494" crc="d905c94b" sha1="50a1be08f8cd5445ee32c1702a3d3607948867b6" />
			</dataarea>
		</part>
	</software>

	<software name="killinst">
		<description>Killer Instinct</description>
		<year>1997</year>
		<publisher>Daniel Bienvenu</publisher>
		<part name="cart" interface="coleco_cart">
			<dataarea name="rom" size="9494">
				<rom name="killer-instinct.rom" size="9494" crc="58f10c63" sha1="40324590797f32915021cfd0d6eb4112020939bf" />
			</dataarea>
		</part>
	</software>

	<software name="kingball">
		<description>King &amp; Balloon</description>
		<year>2018</year>
		<publisher>Team Pixelboy</publisher>
		<info name="usage" value="req. Super Game Module" />
		<part name="cart" interface="coleco_cart">
			<dataarea name="rom" size="32768">
				<rom name="king-balloon-2018.rom" size="32768" crc="9ce3b912" sha1="38a2c30a2e85daf9a8ee32036f010fcb943b2485" />
			</dataarea>
		</part>
	</software>

	<software name="kingsval">
		<description>King's Valley</description>
		<year>2012</year>
		<publisher>Team Pixelboy</publisher>
		<info name="usage" value="req. Super Game Module" />
		<part name="cart" interface="coleco_cart">
			<dataarea name="rom" size="32768">
				<rom name="king-s-valley-2012.rom" size="32768" crc="0a2ac883" sha1="70e267f45de3a91fd867d0bc17d8259018515648" />
			</dataarea>
		</part>
	</software>

	<software name="klondike">
		<description>Klondike Solitaire v1.0</description>
		<year>2021</year>
		<publisher>Under4Mhz</publisher>
		<part name="cart" interface="coleco_cart">
			<dataarea name="rom" size="32768">
				<rom name="klondike-solitaire-2021.rom" size="32768" crc="278c5021" sha1="f753ea5a69551b1854d81e75f068707328ee1a7c" />
			</dataarea>
		</part>
	</software>

	<software name="knightlo">
		<description>Knight Lore</description>
		<year>2016</year>
		<publisher>Team Pixelboy</publisher>
		<info name="usage" value="req. Super Game Module" />
		<part name="cart" interface="coleco_cart">
			<dataarea name="rom" size="32768">
				<rom name="knight-lore-2016.rom" size="32768" crc="1523bfbf" sha1="9c2fc8a2b81e1996c1b52f9ef92cb98b95602e4b" />
			</dataarea>
		</part>
	</software>

	<software name="knightm">
		<description>Knightmare</description>
		<year>2015</year>
		<publisher>Team Pixelboy</publisher>
		<info name="usage" value="req. Super Game Module" />
		<part name="cart" interface="coleco_cart">
			<feature name="slot" value="megacart" />
			<dataarea name="rom" size="131072">
				<rom name="knightmare-2015.rom" size="131072" crc="01cacd0d" sha1="e71426a9f141c5f02c4610764fca8c97015d4519" />
			</dataarea>
		</part>
	</software>

	<software name="kobashi">
		<description>Kobashi</description>
		<year>2010</year>
		<publisher>CollectorVision Games</publisher>
		<part name="cart" interface="coleco_cart">
			<dataarea name="rom" size="16384">
				<rom name="kobashi-2010.rom" size="16384" crc="4d9e301e" sha1="4ce63f21e6d62220431f486ba75bef1ba127b1b8" />
			</dataarea>
		</part>
	</software>

	<software name="kpingp">
		<description>Konami's Ping-Pong</description>
		<year>2011</year>
		<publisher>Team Pixelboy</publisher>
		<part name="cart" interface="coleco_cart">
			<dataarea name="rom" size="32768">
				<rom name="konami-s-ping-pong-2011.rom" size="32768" crc="344cb482" sha1="1952ca8887de68de769d7bcf01ff8c6e4c59c63e" />
			</dataarea>
		</part>
	</software>

	<software name="ktetris">
		<description>Kralizec Tetris</description>
		<year>2017</year>
		<publisher>Team Pixelboy</publisher>
		<part name="cart" interface="coleco_cart">
			<dataarea name="rom" size="32768">
				<rom name="kralizec-tetris-2017.rom" size="32768" crc="e8a91349" sha1="afcfb1519451ca3170d175a7db5ec563e4fe8e53" />
			</dataarea>
		</part>
	</software>

	<software name="kungfum">
		<description>Kung-Fu Master</description>
		<year>2016</year>
		<publisher>CollectorVision Games</publisher>
		<info name="usage" value="req. Super Game Module" />
		<part name="cart" interface="coleco_cart">
			<feature name="slot" value="megacart" />
			<dataarea name="rom" size="131072">
				<rom name="kung-fu-master-2016.rom" size="131072" crc="a078f273" sha1="7daa9c2002cb1f1b144c301a9a6e9320b35a6035" />
			</dataarea>
		</part>
	</software>

	<software name="labbaye">
		<description>L'Abbaye des Morts</description>
		<year>2019</year>
		<publisher>CollectorVision Games</publisher>
		<part name="cart" interface="coleco_cart">
			<feature name="slot" value="megacart" />
			<dataarea name="rom" size="131072">
				<rom name="l-abbaye-des-morts.rom" size="131072" crc="b11a6d23" sha1="ff22b90913f58885709c93981a3d0622b01172a1" />
			</dataarea>
		</part>
	</software>

	<software name="lift">
		<description>Lift</description>
		<year>2022</year>
		<publisher>Inufuto</publisher>
		<part name="cart" interface="coleco_cart">
			<dataarea name="rom" size="8166">
				<rom name="lift-2022.rom" size="8166" crc="7a4d5d1b" sha1="f5be1c55deb5a1a4b5b1ff1dd0871ede4ca462e4" />
			</dataarea>
		</part>
	</software>

	<software name="lightgrd">
		<description>Light Grid Racing</description>
		<year>2015</year>
		<publisher>CollectorVision Games</publisher>
		<info name="author" value="Todd Spangler" />
		<part name="cart" interface="coleco_cart">
			<dataarea name="rom" size="32768">
				<rom name="light-grid-racing.rom" size="32768" crc="1e37ec6a" sha1="5b1d0f3e36a2eec303808acccb24ba2969326467" />
			</dataarea>
		</part>
	</software>

	<software name="locknch">
		<description>Lock'n Chase</description>
		<year>2012</year>
		<publisher>CollectorVision Games</publisher>
		<info name="author" value="Michel Louvet" />
		<part name="cart" interface="coleco_cart">
			<dataarea name="rom" size="31873">
				<rom name="lock-n-chase.rom" size="31873" crc="6bc9a350" sha1="216413aa1175392155e6424904d780d2b077f4ef" />
			</dataarea>
		</part>
	</software>

	<!-- There is also a newer, updated release by CollectorVision Games -->
	<software name="loderun">
		<description>Lode Runner</description>
		<year>2002</year>
		<publisher>Steve Begin</publisher>
		<part name="cart" interface="coleco_cart">
			<dataarea name="rom" size="32768">
				<rom name="lode-runner.rom" size="32768" crc="a2128f74" sha1="ac27b0756f72931dc17f6b44cf7b4cfff6565634" />
			</dataarea>
		</part>
	</software>

	<software name="magicalt">
		<description>Magical Tree</description>
		<year>2006</year>
		<publisher>Opcode Games</publisher>
		<part name="cart" interface="coleco_cart">
			<dataarea name="rom" size="32768">
				<rom name="magical-tree-2006.rom" size="32768" crc="f4314bb1" sha1="3d219493ee395673243d52195832f4094804b3cb" />
			</dataarea>
		</part>
	</software>

	<software name="mahjongs">
		<description>Mahjong Solitaire v1.0</description>
		<year>2021</year>
		<publisher>Under4Mhz</publisher>
		<part name="cart" interface="coleco_cart">
			<dataarea name="rom" size="32768">
				<rom name="mahjong-solitaire-2021.rom" size="32768" crc="6ed6a2e1" sha1="d1dc508d78e3d213dec7199ea305090a05339a3f" />
			</dataarea>
		</part>
	</software>

	<software name="majikazo">
		<description>Majikazo</description>
		<year>2016</year>
		<publisher>Team Pixelboy</publisher>
		<info name="usage" value="req. Super Game Module" />
		<part name="cart" interface="coleco_cart">
			<dataarea name="rom" size="32768">
				<rom name="majikazo-2016.rom" size="32768" crc="2a1438c0" sha1="40289c243bcc1dae964517ea49d352c1959dde4c" />
			</dataarea>
		</part>
	</software>

	<software name="mappy">
		<description>Mappy</description>
		<year>2016</year>
		<publisher>Team Pixelboy</publisher>
		<info name="usage" value="req. Super Game Module" />
		<part name="cart" interface="coleco_cart">
			<dataarea name="rom" size="32768">
				<rom name="mappy-2016.rom" size="32768" crc="ce5f66bd" sha1="4260926bb7a6c76158a7680cd2b678cf806811f9" />
			</dataarea>
		</part>
	</software>

	<software name="mariobrs">
		<description>Mario Bros.</description>
		<year>2009</year>
		<publisher>CollectorVision Games</publisher>
		<part name="cart" interface="coleco_cart">
			<feature name="slot" value="megacart" />
			<dataarea name="rom" size="65536">
				<rom name="mario-brothers-2009.rom" size="65536" crc="11777b27" sha1="cf36ea335ad730049a099a90d4e1876f417dc120" />
			</dataarea>
		</part>
	</software>

	<software name="mazemani">
		<description>Maze Maniac</description>
		<year>2006</year>
		<publisher>Charles-Mathieu Boyer</publisher>
		<part name="cart" interface="coleco_cart">
			<dataarea name="rom" size="32640">
				<rom name="maze-maniac-2006.rom" size="32640" crc="44bfaf23" sha1="bd5aea90f75be39aae4e3bf42f6bee7394578ce4" />
			</dataarea>
		</part>
	</software>

	<software name="mazy">
		<description>Mazy</description>
		<year>2022</year>
		<publisher>Inufuto</publisher>
		<part name="cart" interface="coleco_cart">
			<dataarea name="rom" size="6967">
				<rom name="mazy-2022.rom" size="6967" crc="02ef2836" sha1="4d78c023369acd6148735de9f72f64b447cb8af1" />
			</dataarea>
		</part>
	</software>

	<software name="mecha8">
		<description>Mecha 8</description>
		<year>2013</year>
		<publisher>Team Pixelboy</publisher>
		<info name="author" value="Óscar Toledo Gutiérrez" />
		<part name="cart" interface="coleco_cart">
			<feature name="slot" value="megacart" />
			<dataarea name="rom" size="131072">
				<rom name="mecha-8-2013.rom" size="131072" crc="53da40bc" sha1="91ba9d9b13298e8c65f0592e512020e84d99f2bc" />
			</dataarea>
		</part>
	</software>

	<software name="mecha9">
		<description>Mecha 9</description>
		<year>2016</year>
		<publisher>Team Pixelboy</publisher>
		<part name="cart" interface="coleco_cart">
			<feature name="slot" value="megacart" />
			<dataarea name="rom" size="262144">
				<rom name="mecha-9-2016.rom" size="262144" crc="b405591a" sha1="a026bf1f1d9ed25524efc87e16481deba315ddf0" />
			</dataarea>
		</part>
	</software>

	<software name="mieyen">
		<description>Mieyen</description>
		<year>2025</year>
		<publisher>Inufuto</publisher>
		<part name="cart" interface="coleco_cart">
			<dataarea name="rom" size="8361">
				<rom name="mieyen.rom" size="8361" crc="f47e5bf5" sha1="bf868509223450b5f49fe06a8cdc6ee9fc7ee534" />
			</dataarea>
		</part>
	</software>

	<software name="mikie">
		<description>Mikie</description>
		<year>2021</year>
		<publisher>Team Pixelboy</publisher>
		<part name="cart" interface="coleco_cart">
			<dataarea name="rom" size="32768">
				<rom name="mikie-2021.rom" size="32768" crc="ad434a6d" sha1="85ea30339a9b56e450513813a8f6f1a5381c4639" />
			</dataarea>
		</part>
	</software>

	<software name="mineswpr">
		<description>Minesweeper v1.0</description>
		<year>2021</year>
		<publisher>Under4Mhz</publisher>
		<part name="cart" interface="coleco_cart">
			<dataarea name="rom" size="13604">
				<rom name="minesweeper-2021.rom" size="13604" crc="5cd9d34a" sha1="f8eb14dd0916042028907477997ab9ee44655208" />
			</dataarea>
		</part>
	</software>

	<software name="missles">
		<description>Missle Strike</description>
		<year>2021</year>
		<publisher>AnalogKid</publisher>
		<part name="cart" interface="coleco_cart">
			<dataarea name="rom" size="27164">
				<rom name="missle-strike-2021.rom" size="27164" crc="dd730dbd" sha1="98e2bc6635b74a1bfdb396437ede34de44ff37db" />
			</dataarea>
		</part>
	</software>

	<software name="modulem">
		<description>Module Man</description>
		<year>2013</year>
		<publisher>Team Pixelboy</publisher>
		<part name="cart" interface="coleco_cart">
			<dataarea name="rom" size="32768">
				<rom name="module-man-2013.rom" size="32768" crc="eb6be8ec" sha1="d4de7dc9abb5c0816079a63d6495d4a73beadf65" />
			</dataarea>
		</part>
	</software>

	<software name="monaco">
		<description>Monaco GP</description>
		<year>2021</year>
		<publisher>Team Pixelboy</publisher>
		<part name="cart" interface="coleco_cart">
			<dataarea name="rom" size="32768">
				<rom name="monaco-gp-2021.rom" size="32768" crc="5d21678e" sha1="95f7ab92d25fcd8f7cdd38d21049b56bfa44791f" />
			</dataarea>
		</part>
	</software>

	<software name="mopira">
		<description>Mopiranger</description>
		<year>2012</year>
		<publisher>Team Pixelboy</publisher>
		<part name="cart" interface="coleco_cart">
			<dataarea name="rom" size="32768">
				<rom name="mopiranger-2012.rom" size="32768" crc="a60be082" sha1="b14ea9892d4554e34b8dfe35f5c0473f5bd50a22" />
			</dataarea>
		</part>
	</software>

	<software name="mrchin">
		<description>Mr Chin</description>
		<year>2008</year>
		<publisher>CollectorVision Games</publisher>
		<part name="cart" interface="coleco_cart">
			<dataarea name="rom" size="32768">
				<rom name="mr-chin-2008.rom" size="32768" crc="9ab11795" sha1="3255ff03ea67b38a288414c14522cffd08379d34" />
			</dataarea>
		</part>
	</software>

	<software name="mssfury">
		<description>Ms. Space Fury</description>
		<year>2001</year>
		<publisher>Amy Marie Bienvenu</publisher>
		<part name="cart" interface="coleco_cart">
			<dataarea name="rom" size="32768">
				<rom name="miss-space-fury-2001.rom" size="32768" crc="4e0edb24" sha1="6e83b20a1811c8edd0ceb6ab61a67b93d7228ec7" />
			</dataarea>
		</part>
	</software>

	<software name="multiv">
		<description>Multiverse</description>
		<year>2019</year>
		<publisher>Team Pixelboy</publisher>
		<part name="cart" interface="coleco_cart">
			<dataarea name="rom" size="32768">
				<rom name="multiverse-2019.rom" size="32768" crc="d45475ac" sha1="86cd2a4011957f417d50c3de8dd52c4c14e8e52a" />
			</dataarea>
		</part>
	</software>

	<software name="neuras">
		<description>Neuras</description>
		<year>2022</year>
		<publisher>Inufuto</publisher>
		<part name="cart" interface="coleco_cart">
			<dataarea name="rom" size="8243">
				<rom name="neuras-2022.rom" size="8243" crc="a2be9635" sha1="fe66bc185b8bac1974ce655e3fa24a2b3810fd9d" />
			</dataarea>
		</part>
	</software>

	<software name="nibbli">
		<description>Nibbli: Son of Nibbler</description>
		<year>2014</year>
		<publisher>CollectorVision Games</publisher>
		<info name="author" value="Michel Louvet" />
		<part name="cart" interface="coleco_cart">
			<dataarea name="rom" size="22308">
				<rom name="nibbli.rom" size="22308" crc="be4b3385" sha1="2afd54cd0e5f4f7ad13fb0e163de1ad5dfbcdcbe" />
			</dataarea>
		</part>
	</software>

	<software name="ninjapr">
		<description>Ninja Princess</description>
		<year>2011</year>
		<publisher>Team Pixelboy</publisher>
		<part name="cart" interface="coleco_cart">
			<dataarea name="rom" size="32768">
				<rom name="ninja-princess-2011.rom" size="32768" crc="5fb0ed62" sha1="f4ab9e3687d13e032478487964d75062816e410e" />
			</dataarea>
		</part>
	</software>

	<software name="nsub">
		<description>N-Sub</description>
		<year>2021</year>
		<publisher>Team Pixelboy</publisher>
		<part name="cart" interface="coleco_cart">
			<dataarea name="rom" size="16384">
				<rom name="n-sub-2021.rom" size="16384" crc="c73cd5dc" sha1="71b47331b2e156720ebf2249170ca7538d680113" />
			</dataarea>
		</part>
	</software>

	<software name="opwolf">
		<description>Operation Wolf</description>
		<year>2016</year>
		<publisher>Team Pixelboy</publisher>
		<info name="usage" value="req. Super Game Module" />
		<part name="cart" interface="coleco_cart">
			<dataarea name="rom" size="32768">
				<rom name="operation-wolf-2016.rom" size="32768" crc="c177bfd4" sha1="298778f6c24c52bfb0012818673a4243c9635f81" />
			</dataarea>
		</part>
	</software>

	<software name="osotos">
		<description>Osotos</description>
		<year>2024</year>
		<publisher>Inufuto</publisher>
		<part name="cart" interface="coleco_cart">
			<dataarea name="rom" size="9398">
				<rom name="osotos.rom" size="9398" crc="8c5b9d1f" sha1="7b6b2a2f75c30cd07b56d03d11f8022748abddc8" />
			</dataarea>
		</part>
	</software>

	<software name="ozmawars">
		<description>Ozma Wars</description>
		<year>2011</year>
		<publisher>CollectorVision Games</publisher>
		<part name="cart" interface="coleco_cart">
			<dataarea name="rom" size="21625">
				<rom name="ozma-wars.col" size="21625" crc="4aafdc07" sha1="2dd4d54ef119f081ffb68a518c7e80923c7258ab" />
			</dataarea>
		</part>
	</software>

	<software name="pacar">
		<description>Pacar</description>
		<year>2017</year>
		<publisher>Team Pixelboy</publisher>
		<part name="cart" interface="coleco_cart">
			<dataarea name="rom" size="32768">
				<rom name="pacar-2017.rom" size="32768" crc="a82c9593" sha1="d92d3e285d126dfafc6c2e65e02dd09dfa72d315" />
			</dataarea>
		</part>
	</software>

	<software name="pacmanc">
		<description>Pac-Man Collection</description>
		<year>2008</year>
		<publisher>Opcode Games</publisher>
		<part name="cart" interface="coleco_cart">
			<feature name="slot" value="megacart" />
			<dataarea name="rom" size="131072">
				<rom name="pac-man-collection-2008.rom" size="131072" crc="f3ccacb3" sha1="b88ea5f1b052a224068bcc920c6a18760f263c8f" />
			</dataarea>
		</part>
	</software>

	<software name="pang">
		<description>Pang</description>
		<year>2012</year>
		<publisher>CollectorVision Games</publisher>
		<info name="author" value="Michel Louvet" />
		<part name="cart" interface="coleco_cart">
			<dataarea name="rom" size="32558">
				<rom name="pang.rom" size="32558" crc="18aced43" sha1="35d2c6718562ff094e32b076e32ff97bfbb496b6" />
			</dataarea>
		</part>
	</software>

	<software name="peekaboo">
		<description>Peek-A-Boo</description>
		<year>2010</year>
		<publisher>Team Pixelboy</publisher>
		<part name="cart" interface="coleco_cart">
			<dataarea name="rom" size="32768">
				<rom name="peek-a-boo-2010.rom" size="32768" crc="32c52187" sha1="6f93bf153d3595e1a79751acb3550f7912723b7c" />
			</dataarea>
		</part>
	</software>

	<software name="pegged">
		<description>Pegged v1.0</description>
		<year>2021</year>
		<publisher>Under4Mhz</publisher>
		<part name="cart" interface="coleco_cart">
			<dataarea name="rom" size="32768">
				<rom name="pegged-2021.rom" size="32768" crc="b47377fd" sha1="03c43981d3ad74e0e351c6aa0a932dbc4d9bbf85" />
			</dataarea>
		</part>
	</software>

	<!--
	This is a "fixed" version. The common available dump with a crc32 of 0x6831ad48
	appears to have a bit error - It sets an error flag when the memory test succeeds
	instead of when it fails. Other emulators run the game because they force the SGM
	to be always on in case of an SGC game. Location 0x3bd6 was changed from 0x28 to 0x20.
	-->
	<software name="pengadv">
		<description>Penguin Adventure</description>
		<year>2016</year>
		<publisher>Opcode Games</publisher>
		<info name="usage" value="req. Super Game Module" />
		<part name="cart" interface="coleco_cart">
			<feature name="slot" value="sgc_1mbit" />
			<dataarea name="rom" size="131072">
				<rom name="penguin-adventure-fixed.rom" size="131072" crc="efe6a1a5" sha1="122027d4ffdb4fd9a96f783210e8b43b7f8c91a3" />
			</dataarea>
		</part>
	</software>

	<software name="pillars">
		<description>Pillars</description>
		<year>2021</year>
		<publisher>Under4Mhz</publisher>
		<part name="cart" interface="coleco_cart">
			<dataarea name="rom" size="32768">
				<rom name="pillars-2021.rom" size="32768" crc="5a49b249" sha1="fd8b0d8afa7efb7f70406ac6a9f78f6cfe336a3f" />
			</dataarea>
		</part>
	</software>

	<software name="pippols">
		<description>Pippols</description>
		<year>2014</year>
		<publisher>CollectorVision Games</publisher>
		<part name="cart" interface="coleco_cart">
			<dataarea name="rom" size="32768">
				<rom name="pippols.col" size="32768" crc="28d04775" sha1="a26399c4359e18abaa5b796368a3b18c2ec729c1" />
			</dataarea>
		</part>
	</software>

	<software name="pitfall2">
		<description>Pitfall II Arcade</description>
		<year>2010</year>
		<publisher>Team Pixelboy</publisher>
		<part name="cart" interface="coleco_cart">
			<dataarea name="rom" size="32768">
				<rom name="pitfall-ii-arcade-2010.rom" size="32768" crc="519bfe40" sha1="a5e79bfb82e0637ca59c3a49ac558454fcdef5c2" />
			</dataarea>
		</part>
	</software>

	<software name="pitman">
		<description>Pitman</description>
		<year>2021</year>
		<publisher>Under4Mhz</publisher>
		<part name="cart" interface="coleco_cart">
			<dataarea name="rom" size="32768">
				<rom name="pitman-2021.rom" size="32768" crc="50998610" sha1="18cf173617d53fa96f0112042dfade21f0f45a6a" />
			</dataarea>
		</part>
	</software>

	<software name="pooyan">
		<description>Pooyan</description>
		<year>2009</year>
		<publisher>CollectorVision Games</publisher>
		<part name="cart" interface="coleco_cart">
			<dataarea name="rom" size="32768">
				<rom name="pooyan-2009.rom" size="32768" crc="0e25ebd7" sha1="5bd0aeb08f37b605c7edbf0de7e65712acfc73a3" />
			</dataarea>
		</part>
	</software>

	<software name="princess">
		<description>Princess Quest</description>
		<year>2012</year>
		<publisher>Team Pixelboy</publisher>
		<part name="cart" interface="coleco_cart">
			<feature name="slot" value="megacart" />
			<dataarea name="rom" size="262144">
				<rom name="princess-quest-2012.rom" size="262144" crc="a59eaa2b" sha1="a50bff8c50a873bfa7befaf9a801a790ad2289cc" />
			</dataarea>
		</part>
	</software>

	<software name="prowrest">
		<description>Champion Pro Wrestling</description>
		<year>2020</year>
		<publisher>Team Pixelboy</publisher>
		<part name="cart" interface="coleco_cart">
			<dataarea name="rom" size="32768">
				<rom name="champion-pro-wrestling-2020.rom" size="32768" crc="045c54d6" sha1="a1cfb2ae24b13e20e1f59481359b0792a53ffe2c" />
			</dataarea>
		</part>
	</software>

	<software name="purple">
		<description>Purple Dinosaur Massacre</description>
		<year>1996</year>
		<publisher>Classic Game Creations</publisher>
		<part name="cart" interface="coleco_cart">
			<dataarea name="rom" size="9494">
				<rom name="purple-dinosaur-massacre-1996.rom" size="9494" crc="137d6c4c" sha1="13b9d251172d3f574c17c2c5ab936f8dda742a49" />
			</dataarea>
		</part>
	</software>

	<software name="puzzli">
		<description>Puzzli</description>
		<year>2011</year>
		<publisher>CollectorVision Games</publisher>
		<info name="author" value="Michel Louvet" />
		<part name="cart" interface="coleco_cart">
			<dataarea name="rom" size="32061">
				<rom name="puzzli.rom" size="32061" crc="58f53b6e" sha1="088125ea4dcda47374b93cacdcbc3d06f4524395" />
			</dataarea>
		</part>
	</software>

	<software name="pyrbatt2">
		<description>Pyramid Warp + Battle Ship Clapton II</description>
		<year>2009</year>
		<publisher>CollectorVision Games</publisher>
		<part name="cart" interface="coleco_cart">
			<dataarea name="rom" size="32768">
				<rom name="pyramid-warp-battleship-clapton-2-2009.rom" size="32768" crc="f7052b06" sha1="7b69630be10fed424f5068536d745a724c499790" />
			</dataarea>
		</part>
	</software>

	<software name="qbiqs">
		<description>Qbiqs</description>
		<year>2019</year>
		<publisher>Team Pixelboy</publisher>
		<info name="usage" value="req. Super Game Module" />
		<part name="cart" interface="coleco_cart">
			<feature name="slot" value="megacart" />
			<dataarea name="rom" size="131072">
				<rom name="qbiqs-2019.rom" size="131072" crc="ee530ad2" sha1="5694cb479280c0621b94d9e393937ffc1117fff7" />
			</dataarea>
		</part>
	</software>

	<software name="questgo">
		<description>Quest for the Golden Chalice</description>
		<year>2012</year>
		<publisher>Team Pixelboy</publisher>
		<part name="cart" interface="coleco_cart">
			<dataarea name="rom" size="32768">
				<rom name="quest-for-the-golden-chalice-2012.rom" size="32768" crc="6da37da8" sha1="21398973ba4ebd563ccfb0f3c1c03c6a447f4eea" />
			</dataarea>
		</part>
	</software>

	<software name="quizwiz">
		<description>Quiz Wiz</description>
		<year>20??</year>
		<publisher>Michel Louvet</publisher>
		<part name="cart" interface="coleco_cart">
			<dataarea name="rom" size="13288">
				<rom name="quizwiz.rom" size="13288" crc="1beb45b5" sha1="89753ab9ba96b82a65e470b61c26510182df0f60" />
			</dataarea>
		</part>
	</software>

	<software name="rallyx">
		<description>Rally-X</description>
		<year>2016</year>
		<publisher>Team Pixelboy</publisher>
		<info name="usage" value="req. Super Game Module" />
		<part name="cart" interface="coleco_cart">
			<dataarea name="rom" size="32768">
				<rom name="rally-x-2016.rom" size="32768" crc="fb5dd80d" sha1="53afbd266e34d0e590e967e7a6e4bcb87a02a8eb" />
			</dataarea>
		</part>
	</software>

	<software name="remember">
		<description>Remember the Flag</description>
		<year>2017</year>
		<publisher>Team Pixelboy</publisher>
		<part name="cart" interface="coleco_cart">
			<dataarea name="rom" size="32768">
				<rom name="remember-the-flag-2017.rom" size="32768" crc="7e090dfb" sha1="b6b9ad476cab4bfcee2ce168ad71886d28d2f073" />
			</dataarea>
		</part>
	</software>

	<software name="reversi">
		<description>Reversi &amp; Diamond Dash</description>
		<year>2004</year>
		<publisher>Amy Marie Bienvenu</publisher>
		<part name="cart" interface="coleco_cart">
			<dataarea name="rom" size="29184">
				<rom name="reversi-and-diamond-dash-2004.rom" size="29184" crc="2331b6f6" sha1="b1a7d6b1313abfd6078581076e6060ac34e9b21e" />
			</dataarea>
		</part>
	</software>

	<software name="ripcord">
		<description>Rip Cord</description>
		<year>2017</year>
		<publisher>CollectorVision Games</publisher>
		<part name="cart" interface="coleco_cart">
			<dataarea name="rom" size="32768">
				<rom name="rip-cord.rom" size="32768" crc="60312b4e" sha1="07700ccb5b1f18e978695a0290ee1053f863a84e" />
			</dataarea>
		</part>
	</software>

	<software name="roadfigh">
		<description>Road Fighter</description>
		<year>2007</year>
		<publisher>Opcode Games</publisher>
		<part name="cart" interface="coleco_cart">
			<dataarea name="rom" size="32768">
				<rom name="road-fighter-2007.rom" size="32768" crc="570b9935" sha1="295adae9079d4191effe31af17a0422dfea00209" />
			</dataarea>
		</part>
	</software>

	<software name="ruptus">
		<description>Ruptus</description>
		<year>2022</year>
		<publisher>Inufuto</publisher>
		<part name="cart" interface="coleco_cart">
			<dataarea name="rom" size="12302">
				<rom name="ruptus-2022.rom" size="12302" crc="9aac320b" sha1="42343aa73acdb6f4ce4bd776019589c1bdf283ca" />
			</dataarea>
		</part>
	</software>

	<software name="search1">
		<description>Search for the Stolen Crown Jewels 1 (demo)</description>
		<year>2006</year>
		<publisher>Phillipp Klaus Krause</publisher>
		<part name="cart" interface="coleco_cart">
			<dataarea name="rom" size="29013">
				<rom name="SCJDemo.rom" size="29013" crc="e339d9cc" sha1="1e2e883604e3b8559bd36c88313567dabd8444ac" />
			</dataarea>
		</part>
	</software>

	<software name="search2">
		<description>Search for the Stolen Crown Jewels 2 (demo)</description>
		<year>2007</year>
		<publisher>Phillipp Klaus Krause</publisher>
		<part name="cart" interface="coleco_cart">
			<dataarea name="rom" size="29256">
				<rom name="SCJ2Demo.rom" size="29256" crc="eaf7d6dc" sha1="0d144f191629570213694fd63b54e651338c89e3" />
			</dataarea>
		</part>
	</software>

	<software name="search3">
		<description>Search for the Stolen Crown Jewels 3 (demo v2011)</description>
		<year>2011</year>
		<publisher>Phillipp Klaus Krause</publisher>
		<part name="cart" interface="coleco_cart">
			<dataarea name="rom" size="31249">
				<rom name="SCJ3Demo.rom" size="31249" crc="81a8def4" sha1="6a8ac08fac29d535aaffae31b776c1a85c8e8e19" />
			</dataarea>
		</part>
	</software>

	<software name="search3_d08" cloneof="search3">
		<description>Search for the Stolen Crown Jewels 3 (demo v2008)</description>
		<year>2008</year>
		<publisher>Phillipp Klaus Krause</publisher>
		<part name="cart" interface="coleco_cart">
			<dataarea name="rom" size="31303">
				<rom name="search-for-the-stolen-crown-jewels-3-demo.rom" size="31303" crc="23988ef9" sha1="19c574aa12ce727e7d620f0c9a38864cc1f13e9e" />
			</dataarea>
		</part>
	</software>

	<software name="search3_d08a" cloneof="search3">
		<description>Search for the Stolen Crown Jewels 3 (demo v2008, alt)</description>
		<year>2008</year>
		<publisher>Phillipp Klaus Krause</publisher>
		<part name="cart" interface="coleco_cart">
			<dataarea name="rom" size="31229">
				<rom name="search-for-the-stolen-crown-jewels-3-demo-alt.rom" size="31229" crc="594b1235" sha1="7102fd7a776ec16c4dd93b6e4caf729e6db4156f" />
			</dataarea>
		</part>
	</software>

	<software name="secretmo">
		<description>Secret of the Moai</description>
		<year>2018</year>
		<publisher>Team Pixelboy</publisher>
		<info name="usage" value="req. Super Game Module" />
		<part name="cart" interface="coleco_cart">
			<feature name="slot" value="megacart" />
			<dataarea name="rom" size="131072">
				<rom name="secret-of-the-moai-2018.rom" size="131072" crc="b753a8ca" sha1="d8ced1a384ad1e88fd8b69fd3a5b265fa3975f31" />
			</dataarea>
		</part>
	</software>

	<software name="segaflip">
		<description>Sega Flipper</description>
		<year>2021</year>
		<publisher>Team Pixelboy</publisher>
		<part name="cart" interface="coleco_cart">
			<dataarea name="rom" size="16384">
				<rom name="sega-flipper-2021.rom" size="16384" crc="e7739f82" sha1="4a6d106f0fe36ed9dbe7823f1c9044e17aeea181" />
			</dataarea>
		</part>
	</software>

	<software name="shmup">
		<description>Shmup!</description>
		<year>2017</year>
		<publisher>Team Pixelboy</publisher>
		<info name="usage" value="req. Super Game Module" />
		<part name="cart" interface="coleco_cart">
			<dataarea name="rom" size="32768">
				<rom name="shmup-2017.rom" size="32768" crc="10e8dd09" sha1="8bdee6c288bc76eb9ad49b909bcf0dbfcbc714e9" />
			</dataarea>
		</part>
	</software>

	<software name="shougana">
		<description>Shouganai</description>
		<year>2017</year>
		<publisher>Team Pixelboy</publisher>
		<info name="usage" value="req. Super Game Module" />
		<part name="cart" interface="coleco_cart">
			<dataarea name="rom" size="32768">
				<rom name="shouganai-2017.rom" size="32768" crc="89c2b16f" sha1="e234cff528a71a4451c7e485de817eb0d7abf421" />
			</dataarea>
		</part>
	</software>

	<software name="sindbad">
		<description>Sindbad Mystery</description>
		<year>2021</year>
		<publisher>Team Pixelboy</publisher>
		<part name="cart" interface="coleco_cart">
			<dataarea name="rom" size="32768">
				<rom name="sindbad-mystery-2021.rom" size="32768" crc="1ed11001" sha1="aca1226db45d03e170f06d14435d1d24e8782328" />
			</dataarea>
		</part>
	</software>

	<software name="skyjag">
		<description>Sky Jaguar</description>
		<year>2004</year>
		<publisher>Opcode Games</publisher>
		<part name="cart" interface="coleco_cart">
			<dataarea name="rom" size="32768">
				<rom name="sky-jaguar-2004.rom" size="32768" crc="54d54968" sha1="630b793f81e1d130c1824ae34cd75704e8ed5f6e" />
			</dataarea>
		</part>
	</software>

	<software name="snake">
		<description>Snake</description>
		<year>2021</year>
		<publisher>Under4Mhz</publisher>
		<part name="cart" interface="coleco_cart">
			<dataarea name="rom" size="14114">
				<rom name="snake-2021.rom" size="14114" crc="edd4c690" sha1="3945f18530d530741ef9576cca948acc20b1d36d" />
			</dataarea>
		</part>
	</software>

	<software name="spaceinv">
		<description>Space Invaders Collection</description>
		<year>2003</year>
		<publisher>Opcode Games</publisher>
		<part name="cart" interface="coleco_cart">
			<dataarea name="rom" size="32768">
				<rom name="space-invaders-collection-2003.rom" size="32768" crc="ec76ee9e" sha1="f55a9b5077a0499fa9d4e81803c962992c100b8a" />
			</dataarea>
		</part>
	</software>

	<software name="spaceinva">
		<description>Space Invasion</description>
		<year>1998</year>
		<publisher>Classic Game Creations</publisher>
		<part name="cart" interface="coleco_cart">
			<dataarea name="rom" size="16384">
				<rom name="space-invasion-1998.rom" size="16384" crc="af9b178c" sha1="617f7bd6723f47017b7c0b0df68799b87fe6e09d" />
			</dataarea>
		</part>
	</software>

	<software name="spacesh">
		<description>Space Shuttle: A Journey Into Space</description>
		<year>2022</year>
		<publisher>Team Pixelboy</publisher>
		<info name="usage" value="req. Super Game Module" />
		<part name="cart" interface="coleco_cart">
			<feature name="slot" value="megacart" />
			<dataarea name="rom" size="131072">
				<rom name="space-shuttle-a-journey-into-space-128k-2022.rom" size="131072" crc="d70b6a2b" sha1="79cde1ee139ed5120d3a10fa6b4f0ce96119e390" />
			</dataarea>
		</part>
	</software>

	<software name="spacesha" cloneof="spacesh">
		<description>Space Shuttle: A Journey Into Space (64K)</description>
		<year>2022</year>
		<publisher>Team Pixelboy</publisher>
		<info name="usage" value="req. Super Game Module" />
		<part name="cart" interface="coleco_cart">
			<feature name="slot" value="activision" />
			<dataarea name="rom" size="65536">
				<rom name="space-shuttle-a-journey-into-space-2022.rom" size="65536" crc="bb0f6678" sha1="6365c5f36052202954161007932d328db2d4bb8b" />
			</dataarea>
		</part>
	</software>

	<software name="spectar">
		<description>Spectar</description>
		<year>2006</year>
		<publisher>AtariAge</publisher>
		<info name="author" value="Scott Huggins" />
		<part name="cart" interface="coleco_cart">
			<dataarea name="rom" size="32768">
				<rom name="spectar.rom" size="32768" crc="a3aaae47" sha1="ebb8fca04ec429413ba6185cd7344d0cf79dacdc" />
			</dataarea>
		</part>
	</software>

	<software name="spelunk">
		<description>Spelunker</description>
		<year>2015</year>
		<publisher>Team Pixelboy</publisher>
		<info name="usage" value="req. Super Game Module" />
		<part name="cart" interface="coleco_cart">
			<feature name="slot" value="megacart" />
			<dataarea name="rom" size="131072">
				<rom name="spelunker-2015.rom" size="131072" crc="75f84889" sha1="fcdedf6de8dc6bfb1d2ff07f4ee9ddcf7f76f5a5" />
			</dataarea>
		</part>
	</software>

	<software name="spunkysc">
		<description>Spunky's Super Car!</description>
		<year>2014</year>
		<publisher>CollectorVision Games</publisher>
		<part name="cart" interface="coleco_cart">
			<dataarea name="rom" size="32697">
				<rom name="spunky-s-super-car-2014.rom" size="32697" crc="deed811e" sha1="4483a9989ed3e097350e9f6b34121f6a4fab8e4e" />
			</dataarea>
		</part>
	</software>

	<!-- Looks like an early demo instead of the full game? -->
	<software name="squares">
		<description>Squares</description>
		<year>2008</year>
		<publisher>Atariage</publisher>
		<part name="cart" interface="coleco_cart">
			<dataarea name="rom" size="5120">
				<rom name="squares-2008.rom" size="5120" crc="23a35399" sha1="a2cb12a7a4dc2bdcadd940ec16e87054f9e4f4e7" />
			</dataarea>
		</part>
	</software>

	<software name="starcast">
		<description>Star Castle</description>
		<year>2021</year>
		<publisher>Team Pixelboy</publisher>
		<part name="cart" interface="coleco_cart">
			<dataarea name="rom" size="32768">
				<rom name="star-castle-2021.rom" size="32768" crc="b48b9d51" sha1="1db587cb8d894be5bf1a36fd372497e0833e4a55" />
			</dataarea>
		</part>
	</software>

	<software name="starcom">
		<description>Starcom</description>
		<year>2012</year>
		<publisher>CollectorVision Games</publisher>
		<info name="author" value="Michel Louvet" />
		<part name="cart" interface="coleco_cart">
			<dataarea name="rom" size="28407">
				<rom name="starcom.rom" size="28407" crc="02810be5" sha1="7f8c255f1996f645530dd84b40b71fc8f1e16545" />
			</dataarea>
		</part>
	</software>

	<software name="starfire">
		<description>Star Fire</description>
		<year>2021</year>
		<publisher>Chris Oberth</publisher>
		<part name="cart" interface="coleco_cart">
			<dataarea name="rom" size="18688">
				<rom name="star-fire-2021.rom" size="18688" crc="ea3aa29e" sha1="6bca6df0a2869ec916190db783fab82d0ac3b178" />
			</dataarea>
		</part>
	</software>

	<!-- Timing sensitive, hangs (often on real hardware too) -->
	<software name="starforc" supported="no">
		<description>Star Force</description>
		<year>2011</year>
		<publisher>Team Pixelboy</publisher>
		<part name="cart" interface="coleco_cart">
			<dataarea name="rom" size="32768">
				<rom name="star-force-2011.rom" size="32768" crc="cbc58796" sha1="fc80400f413545efa6d276efd8c09048a043b901" />
			</dataarea>
		</part>
	</software>

	<!-- Fixed version -->
	<software name="starforcf" cloneof="starforc">
		<description>Star Force (fixed)</description>
		<year>2011</year>
		<publisher>Team Pixelboy</publisher>
		<part name="cart" interface="coleco_cart">
			<dataarea name="rom" size="32768">
				<rom name="starforcepatchedtursi2.rom" size="32768" crc="ce3ff5c7" sha1="817f6dd26bddad207c9817fe0cc9c81f9dfec38b" />
			</dataarea>
		</part>
	</software>

	<software name="starfort">
		<description>Star Fortess</description>
		<year>1998</year>
		<publisher>Classic Game Creations</publisher>
		<part name="cart" interface="coleco_cart">
			<dataarea name="rom" size="16384">
				<rom name="star-fortress-1998.rom" size="16384" crc="f7f18e6f" sha1="ca3b145cf148eaa5d7a3dc99718ef853815812db" />
			</dataarea>
		</part>
	</software>

	<software name="starjack">
		<description>Star Jacker</description>
		<year>2021</year>
		<publisher>Team Pixelboy</publisher>
		<part name="cart" interface="coleco_cart">
			<dataarea name="rom" size="32768">
				<rom name="star-jacker-2021.rom" size="32768" crc="929c6ded" sha1="95d0a6afa7b6417bcb54d2bc1723d41be3b80661" />
			</dataarea>
		</part>
	</software>

	<software name="steamr">
		<description>Steamroller</description>
		<year>2000</year>
		<publisher>Retrotopia</publisher>
		<part name="cart" interface="coleco_cart">
			<dataarea name="rom" size="16384">
				<rom name="steamroller-2000.rom" size="16384" crc="153ac4ef" sha1="9b0da21d8e6e9a762c578f989d90dd057fea2b5a" />
			</dataarea>
		</part>
	</software>

	<software name="stonew">
		<description>The Stone of Wisdom</description>
		<year>2015</year>
		<publisher>Team Pixelboy</publisher>
		<info name="usage" value="req. Super Game Module" />
		<part name="cart" interface="coleco_cart">
			<feature name="slot" value="megacart" />
			<dataarea name="rom" size="131072">
				<rom name="the-stone-of-wisdom-2015.rom" size="131072" crc="342c73ca" sha1="ff79250d27c2fbc1f040ecde34a5bec23d753939" />
			</dataarea>
		</part>
	</software>

	<software name="straycat">
		<description>Stray Cat</description>
		<year>2017</year>
		<publisher>Team Pixelboy</publisher>
		<info name="usage" value="req. Super Game Module" />
		<part name="cart" interface="coleco_cart">
			<dataarea name="rom" size="32768">
				<rom name="stray-cat-2017.rom" size="32768" crc="f55f499e" sha1="49b8cbcac380278438233913b05d03c625c7b7e4" />
			</dataarea>
		</part>
	</software>

	<software name="subrocs">
		<description>Subroc Super Game</description>
		<year>2014</year>
		<publisher>Team Pixelboy</publisher>
		<info name="usage" value="req. Super Game Module" />
		<part name="cart" interface="coleco_cart">
			<feature name="slot" value="megacart" />
			<dataarea name="rom" size="131072">
				<rom name="subroc-super-game-2014.rom" size="131072" crc="eac71b43" sha1="94f9231693cc320c0f6f8a4185653cdff3103253" />
			</dataarea>
		</part>
	</software>

	<software name="sudoku">
		<description>Sudoku</description>
		<year>2017</year>
		<publisher>Team Pixelboy</publisher>
		<part name="cart" interface="coleco_cart">
			<dataarea name="rom" size="31143">
				<rom name="sudoku-2017.rom" size="31143" crc="b5be3448" sha1="78ad45a24d949651d8811336332d6af78fa9613e" />
			</dataarea>
		</part>
	</software>

	<software name="sudokuo">
		<description>Sudoku (2008)</description>
		<year>2008</year>
		<publisher>Luc Miron</publisher>
		<part name="cart" interface="coleco_cart">
			<dataarea name="rom" size="10496">
				<rom name="sudoku-2008.rom" size="10496" crc="2aa3abb2" sha1="499c9746f0dacab59a3fb23f80169df34cfbb91a" />
			</dataarea>
		</part>
	</software>

	<software name="superpac">
		<description>Super Pac-Man</description>
		<year>2016</year>
		<publisher>Team Pixelboy</publisher>
		<info name="usage" value="req. Super Game Module" />
		<part name="cart" interface="coleco_cart">
			<dataarea name="rom" size="32768">
				<rom name="super-pac-man-2016.rom" size="32768" crc="260cdf98" sha1="35fce5981648b1239865eaf053b315d4c11c6e62" />
			</dataarea>
		</part>
	</software>

	<software name="supersa">
		<description>Super Space Acer</description>
		<year>2011</year>
		<publisher>Mike Brent</publisher>
		<part name="cart" interface="coleco_cart">
			<feature name="slot" value="megacart" />
			<dataarea name="rom" size="131072">
				<rom name="super-space-acer-2011.rom" size="131072" crc="ae209065" sha1="cfd112d2e907262cf9b60c2d43f19d2596f5892a" />
			</dataarea>
		</part>
	</software>

	<software name="svellas">
		<description>Svellas</description>
		<year>2025</year>
		<publisher>Inufuto</publisher>
		<part name="cart" interface="coleco_cart">
			<dataarea name="rom" size="9259">
				<rom name="svellas.rom" size="9259" crc="3244546f" sha1="366dbc7552fd0a9e13b88a95b74141e81e0114ec" />
			</dataarea>
		</part>
	</software>

	<software name="tankmis">
		<description>Tank Mission</description>
		<year>2017</year>
		<publisher>CollectorVision Games</publisher>
		<info name="author" value="Leo Gerald Brophy" />
		<part name="cart" interface="coleco_cart">
			<feature name="slot" value="megacart" />
			<dataarea name="rom" size="262144">
				<rom name="tank-mission.rom" size="262144" crc="d0f37969" sha1="86963e9064a87691e410dda6e08ecb96f677c188" />
			</dataarea>
		</part>
	</software>

	<software name="thexder">
		<description>Thexder</description>
		<year>2012</year>
		<publisher>Team Pixelboy</publisher>
		<info name="usage" value="req. Super Game Module" />
		<part name="cart" interface="coleco_cart">
			<feature name="slot" value="megacart" />
			<dataarea name="rom" size="131072">
				<rom name="thexder-2012.rom" size="131072" crc="09e3fdda" sha1="2d89772c89a8097d3f325ce6829e89175228fff5" />
			</dataarea>
		</part>
	</software>

	<software name="tictac">
		<description>Tic Tac Toe</description>
		<year>1996</year>
		<publisher>Norman Nithman</publisher>
		<part name="cart" interface="coleco_cart">
			<dataarea name="rom" size="3220">
				<rom name="tic-tac-toe.col" size="3220" crc="969d77c8" sha1="3fe5477166f1809e50754bd3d153e10764c3ad4e" />
			</dataarea>
		</part>
	</software>

	<software name="trackfld">
		<description>Track &amp; Field</description>
		<year>2010</year>
		<publisher>Team Pixelboy</publisher>
		<part name="cart" interface="coleco_cart">
			<dataarea name="rom" size="16417">
				<rom name="track-field-2010.rom" size="16417" crc="a8b4b159" sha1="39a90ef25c2a2a404e2caf5a6ad1ff828f8c72fc" />
			</dataarea>
		</part>
	</software>

	<software name="traffic">
		<description>Traffic Jam</description>
		<year>2017</year>
		<publisher>Team Pixelboy</publisher>
		<info name="usage" value="req. Super Game Module" />
		<part name="cart" interface="coleco_cart">
			<dataarea name="rom" size="32768">
				<rom name="traffic-jam-2017.rom" size="32768" crc="aad0f224" sha1="9fe1532e417baefa5d5844ae3abd8c09a385f281" />
			</dataarea>
		</part>
	</software>

	<software name="turmoil">
		<description>Turmoil 2022</description>
		<year>2021</year>
		<publisher>8-bit Milli Games</publisher>
		<part name="cart" interface="coleco_cart">
			<dataarea name="rom" size="32768">
				<rom name="turmoil-2022-2021.rom" size="32768" crc="3b4af650" sha1="f1b5ab42a4df5cd07472917e79eadea641d70f2a" />
			</dataarea>
		</part>
	</software>

	<software name="twinbee">
		<description>TwinBee</description>
		<year>2014</year>
		<publisher>Team Pixelboy</publisher>
		<info name="usage" value="req. Super Game Module" />
		<part name="cart" interface="coleco_cart">
			<feature name="slot" value="megacart" />
			<dataarea name="rom" size="131072">
				<rom name="twinbee-2014.rom" size="131072" crc="e7e07a70" sha1="d64011dababd4141920e21725d300923f26b8197" />
			</dataarea>
		</part>
	</software>

	<software name="txupinaz">
		<description>Txupinazo!</description>
		<year>2017</year>
		<publisher>Team Pixelboy</publisher>
		<info name="usage" value="req. Super Game Module" />
		<part name="cart" interface="coleco_cart">
			<dataarea name="rom" size="32768">
				<rom name="txupinazo-2017.rom" size="32768" crc="28bdf665" sha1="3bf1b3d0ca7b92707d5b3f626ff51f13f18612a7" />
			</dataarea>
		</part>
	</software>

	<software name="uridium">
		<description>Uridium</description>
		<year>2019</year>
		<publisher>Team Pixelboy</publisher>
		<info name="usage" value="req. Super Game Module" />
		<part name="cart" interface="coleco_cart">
			<feature name="slot" value="megacart" />
			<dataarea name="rom" size="131072">
				<rom name="uridium-2019.rom" size="131072" crc="bc8320a0" sha1="42e00929a9121f24183f68469824c88ef8e500b3" />
			</dataarea>
		</part>
	</software>

	<software name="utopia">
		<description>Utopia</description>
		<year>2023</year>
		<publisher>Team Pixelboy</publisher>
		<part name="cart" interface="coleco_cart">
			<dataarea name="rom" size="32768">
				<rom name="utopia-2023.rom" size="32768" crc="0a90ba65" sha1="08ee5c636e0453c2ef364484932f1fcb6fd45958" />
			</dataarea>
		</part>
	</software>

	<software name="vanguard">
		<description>Vanguard</description>
		<year>2019</year>
		<publisher>CollectorVision Games</publisher>
		<info name="author" value="Chris Derrig" />
		<part name="cart" interface="coleco_cart">
			<feature name="slot" value="megacart" />
			<dataarea name="rom" size="131072">
				<rom name="vanguard.rom" size="131072" crc="a7a8d25e" sha1="1feea815f254b9c165397d92de4dc4f0ecbbf9c7" />
			</dataarea>
		</part>
	</software>

	<software name="vexed">
		<description>Vexed</description>
		<year>2021</year>
		<publisher>Under4Mhz</publisher>
		<part name="cart" interface="coleco_cart">
			<dataarea name="rom" size="32768">
				<rom name="vexed-2021.rom" size="32768" crc="530c586f" sha1="d7584b912c5ee72e8f1b725d17e80664c8055635" />
			</dataarea>
		</part>
	</software>

	<software name="vrollerp">
		<description>Vectorollerpede</description>
		<year>2023</year>
		<publisher>Côté Gamers</publisher>
		<info name="usage" value="req. Roller Controller" />
		<part name="cart" interface="coleco_cart">
			<dataarea name="rom" size="32768">
				<rom name="vectorollerpede-2023.rom" size="32768" crc="6313a9d7" sha1="e674f16f6df5cf6a3e5f61fe84abac13a64a19ec" />
			</dataarea>
		</part>
	</software>

	<software name="war">
		<description>War</description>
		<year>2014</year>
		<publisher>Gerry Brophy</publisher>
		<part name="cart" interface="coleco_cart">
			<dataarea name="rom" size="31933">
				<rom name="war-2014.rom" size="31933" crc="7f06e25c" sha1="12ade24161b9f67adb246c7c273a3cfde1b7ff8d" />
			</dataarea>
		</part>
	</software>

	<software name="watervil">
		<description>Waterville Rescue</description>
		<year>2009</year>
		<publisher>Mike Brent</publisher>
		<part name="cart" interface="coleco_cart">
			<dataarea name="rom" size="32768">
				<rom name="waterville-rescue-2009.rom" size="32768" crc="d642fb9e" sha1="3c37eea4207e42a48fc9f311a0a35712e9611a1e" />
			</dataarea>
		</part>
	</software>

	<software name="winktrap">
		<description>Winky Trap</description>
		<year>2007</year>
		<publisher>CollectorVision Games</publisher>
		<part name="cart" interface="coleco_cart">
			<dataarea name="rom" size="16384">
				<rom name="winky-trap-2007.rom" size="16384" crc="eaa5f606" sha1="6da8e9f0adbe6d1f9787bc5364615de36b65133f" />
			</dataarea>
		</part>
	</software>

	<software name="wonderboy">
		<description>Wonder Boy</description>
		<year>2012</year>
		<publisher>Team Pixelboy</publisher>
		<part name="cart" interface="coleco_cart">
			<dataarea name="rom" size="32768">
				<rom name="wonder-boy-2012.rom" size="32768" crc="43505be0" sha1="dcd4f2d3ff2e39a916a8f588554e7212b351ea5a" />
			</dataarea>
		</part>
	</software>

	<software name="wow">
		<description>Wizard of Wor</description>
		<year>2018</year>
		<publisher>Team Pixelboy</publisher>
		<info name="usage" value="req. Super Game Module" />
		<part name="cart" interface="coleco_cart">
			<feature name="slot" value="megacart" />
			<dataarea name="rom" size="524288">
				<rom name="wizard-of-wor-2018.rom" size="524288" crc="146fad7f" sha1="1fd0a70cc248d8d1362e20fc6030e5b70feec921" />
			</dataarea>
		</part>
	</software>

	<software name="yewdow">
		<description>Yewdow</description>
		<year>2023</year>
		<publisher>Inufuto</publisher>
		<part name="cart" interface="coleco_cart">
			<dataarea name="rom" size="16384">
				<rom name="yewdow.rom" size="16384" crc="706895db" sha1="751506cf08734397d63b84993e5f9f28930290c7" />
			</dataarea>
		</part>
	</software>

	<software name="yiear">
		<description>Yie Ar Kung-Fu</description>
		<year>2005</year>
		<publisher>Opcode Games</publisher>
		<part name="cart" interface="coleco_cart">
			<dataarea name="rom" size="32768">
				<rom name="yie-ar-kung-fu-2005.rom" size="32768" crc="471240bb" sha1="3bd8fd0db0cdf10a86fa34f580950be7993f970f" />
			</dataarea>
		</part>
	</software>

	<software name="zaxxon2">
		<description>Zaxxon II</description>
		<year>2021</year>
		<publisher>Team Pixelboy</publisher>
		<part name="cart" interface="coleco_cart">
			<dataarea name="rom" size="32768">
				<rom name="zaxxon-ii-2021.rom" size="32768" crc="762e9a2b" sha1="c6e2b0e8452c745d1d3cde9cf6c8a4193f07f9ae" />
			</dataarea>
		</part>
	</software>

	<software name="zaxxons">
		<description>Zaxxon Super Game</description>
		<year>2012</year>
		<publisher>Team Pixelboy</publisher>
		<info name="usage" value="req. Super Game Module" />
		<part name="cart" interface="coleco_cart">
			<feature name="slot" value="megacart" />
			<dataarea name="rom" size="131072">
				<rom name="zaxxon-super-game-2012.rom" size="131072" crc="a5a90f63" sha1="c7fe2051c5eb3e34b9dfb856a7b39ed9135e041a" />
			</dataarea>
		</part>
	</software>

	<software name="zippyrac">
		<description>Zippy Race</description>
		<year>2009</year>
		<publisher>CollectorVision Games</publisher>
		<part name="cart" interface="coleco_cart">
			<dataarea name="rom" size="32768">
				<rom name="zippy-race-2009.rom" size="32768" crc="44e6948c" sha1="8e5602f0c3b54254819120b0c32652ad7ef5f0b0" />
			</dataarea>
		</part>
	</software>

	<software name="zombcala">
		<description>Zombie Calavera Prologue</description>
		<year>2021</year>
		<publisher>CollectorVision Games</publisher>
		<part name="cart" interface="coleco_cart">
			<dataarea name="rom" size="32768">
				<rom name="zombie-calavera-prologue-2021.rom" size="32768" crc="91645814" sha1="66189081b7f87e2e1c061c9a7994639978b3775b" />
			</dataarea>
		</part>
	</software>

	<software name="zombinci">
		<description>Zombie Incident</description>
		<year>2021</year>
		<publisher>Team Pixelboy</publisher>
		<info name="usage" value="req. Super Game Module" />
		<part name="cart" interface="coleco_cart">
			<feature name="slot" value="megacart" />
			<dataarea name="rom" size="131072">
				<rom name="zombie-incident-2018.rom" size="131072" crc="8027dad7" sha1="e012488659e4fcd8658891dc86b8695a51ce3c55" />
			</dataarea>
		</part>
	</software>

	<software name="zombnear">
		<description>Zombie Near</description>
		<year>2012</year>
		<publisher>CollectorVision Games</publisher>
		<part name="cart" interface="coleco_cart">
			<feature name="slot" value="megacart" />
			<dataarea name="rom" size="131072">
				<rom name="zombie-near-2012.rom" size="131072" crc="c89d281d" sha1="703cfa1f94298a1a95537363f730404745e9385a" />
			</dataarea>
		</part>
	</software>

	<software name="zoom909">
		<description>Zoom 909</description>
		<year>2021</year>
		<publisher>Team Pixelboy</publisher>
		<part name="cart" interface="coleco_cart">
			<dataarea name="rom" size="32768">
				<rom name="zoom-909-2021.rom" size="32768" crc="7dc7a049" sha1="b672b38de22c2d318d568d2584cadf991f7012e6" />
			</dataarea>
		</part>
	</software>

</softwarelist>
